titulo	slug	entidad_origen	codigo_origen	categoria	direccion1	direccion2	cp	poblacion	descripcion	telefono	fax	url	email	foto	latitud	longitud	foto_x	foto_x_titulo	foto_x_alt	acces_fisica	acces_visual	acces_auditiva	acces_intelectual	acces_organica	tipo_biblio	año_inicio	institucion	tipo_institucion	horarios	tipo_acceso	tipo_centro	tematica			servicios											
																																general	infantil	religioso	Amn	reprografia	hemeroteca	wifi	selectiva	bol_novedades	prestamo	prestamo_inter	prestamo_domic	infor_bibliografica	internet_usuarios	acceso_bbdd
Errota Kultur Etxea		ejgv_biblio		Biblioteca	Laubideta, 22		48220	ABADIÑO		94-4669416										sin_datos	sin_datos	sin_datos			Publikoa			Ayuntamiento		Libre 	Publico	General														
Udal Mediateka		ejgv_biblio		Biblioteca	Zelatabe, 10		48220	ABADIÑO		94-6813415		http://www.abadiano.org	mediateka@abadiano.org							accesible	no_accesible	no_accesible			Publikoa	1966	Abadiñoko Udala	Ayuntamiento		Libre 	Publico	General			SÍ	SÍ	SÍ	SÍ			SÍ	SÍ	SÍ		SÍ	
Udal Liburutegia		ejgv_biblio		Biblioteca	San Juan enparantza, z/g		20269	ABALTZISKETA		943 652 900			abaltzisketa@udal.gipuzkoa.net							no_accesible	no_accesible	no_accesible			Publikoa	1990	Abaltzisketako Udala	Ayuntamiento		Libre 	Publico	General			SÍ											
Gallartako Liburutegia		ejgv_biblio		Biblioteca	Avenida del Minero, 5		48500	ABANTO Y CIERVANA		946 363 987			bibliogallarta@abanto-zierbena.org							accesible	no_accesible	no_accesible			Publikoa	1978	Abanto Zierbenako Udala	Ayuntamiento		Libre 	Publico	General			SÍ			SÍ			SÍ	SÍ	SÍ		SÍ	
Las Carreras-ko Liburutegia		ejgv_biblio		Biblioteca	Kale Nagusia, 2 - Las Carreras		48540	ABANTO Y CIERVANA		946 368 711			bibliolascarreras@abanto-zierbena.org							accesible	no_accesible	no_accesible			Publikoa	1978	Abanto Zierbenako Udala	Ayuntamiento		Libre 	Publico	General			SÍ			SÍ			SÍ	SÍ	SÍ		SÍ	
Udal Liburutegia		ejgv_biblio		Biblioteca	Herriko plaza, z/g		20150	ADUNA		943-692689			itsaso.aiztondo@udal.gipuzkoa.net							sin_datos	sin_datos	sin_datos			Publikoa			Ayuntamiento		Libre 	Publico	General														
Udal Liburutegia		ejgv_biblio		Biblioteca	Zapatari, 35		1200	SALVATIERRA-AGURAIN		945 302 938		http://www.agurain.com	agurain-liburutegia@agurain.e.telefonica.net							accesible		no_accesible			Publikoa	1980	Aguraingo Udala	Ayuntamiento		Libre 	Publico	General			SÍ		SÍ	SÍ			SÍ	SÍ	SÍ		SÍ	SÍ
Udal Liburutegia		ejgv_biblio		Biblioteca	Gozategi enparantza, 3		20809	AIA		943 130 924			kulturetxe@aiako.com							accesible	no_accesible	no_accesible			Publikoa	1988	Aiako Udala	Ayuntamiento		Libre 	Publico	General			SÍ	SÍ	SÍ	SÍ			SÍ	SÍ	SÍ		SÍ	SÍ
Udal Liburutegia		ejgv_biblio		Biblioteca	Herriko plaza, 2		20749	AIZARNAZABAL		943-897053			lib.aizarnazabal@udal.gipuzkoa.net							sin_datos	sin_datos	sin_datos			Publikoa			Ayuntamiento		Libre 	Publico	General														
Udal Liburutegia		ejgv_biblio		Biblioteca	Mendieta, z/g		48320	AJANGIZ		94-6251913			liburutegia.ajangiz@bizkaia.org							sin_datos	sin_datos	sin_datos			Publikoa			Ayuntamiento		Libre 	Publico	General														
Udal Liburutegia		ejgv_biblio		Biblioteca	Herriko plaza, z/g		20495	ALBIZTUR		943 654 426			albiztur@udal.gipuzkoa.net							accesible	no_accesible	no_accesible			Publikoa	1994	Albizturko Udala	Ayuntamiento		Libre 	Publico	General			SÍ							SÍ	SÍ			
Udal Liburutegia		ejgv_biblio		Biblioteca	Kultur Etxea		20260	ALEGIA		943-650492			liburutegia@alegiaudala.net							sin_datos	sin_datos	sin_datos			Publikoa			Ayuntamiento		Libre 	Publico	General														
Ernestina de Champourcin		ejgv_biblio		Biblioteca	Herriko plaza, 2		1240	ALEGRIA-DULANTZI		945 420 704			aalegria.maite@ayto.alava.net							accesible	accesible	accesible			Publikoa	2005	Alegria-Dulantziko Udala	Ayuntamiento		Libre 	Publico	General			SÍ			SÍ			SÍ	SÍ	SÍ	SÍ	SÍ	
Udal Liburutegia		ejgv_biblio		Biblioteca	San Martin plaza		20494	ALKIZA		943-690235			alkiza@udal.gipuzkoa.net							sin_datos	sin_datos	sin_datos			Publikoa			Ayuntamiento		Libre 	Publico	General														
Udal Liburutegia		ejgv_biblio		Biblioteca	Madinabeitia plaza, 4		48810	ALONSOTEGI		94-4980417			liburutegia@alonsotegi.net							sin_datos	sin_datos	sin_datos			Publikoa			Ayuntamiento		Libre 	Publico	General														
Udal Liburutegia		ejgv_biblio		Biblioteca	Altzoko muino, 73		20268	ALTZO		943 652 413			altzoliburutegi@hotmail.es							no_accesible	no_accesible	no_accesible			Publikoa	1995	Altzoko Udala	Ayuntamiento		Libre 	Publico	General			SÍ							SÍ	SÍ	SÍ		
Udal Liburutegia		ejgv_biblio		Biblioteca	Bartolome Deuna, 34 - behe solairua		20268	AMEZKETA		943 653 189			amezketa@udal.gipuzkoa.net							accesible	no_accesible	no_accesible			Publikoa	1987	Amezketako Udala	Ayuntamiento		Libre 	Publico	General			SÍ						SÍ		SÍ			
Udal Liburutegia		ejgv_biblio		Biblioteca	Zelaieta parkea, z/g		48340	AMOREBIETA-ETXANO		946 300 626			liburu.amorebieta@ametx.net							accesible	no_accesible	sin_datos			Publikoa	1974	Zornotzako Kultura eta Euskera zerbitzurako herri erakundea	Erakunde autonoma		Libre 	Publico	General			SÍ	SÍ	SÍ	SÍ				SÍ	SÍ	SÍ		
Udal Liburutegia		ejgv_biblio		Biblioteca	Aldai, 1		1470	AMURRIO		945 393 720			liburutegia@amurrio.org							accesible	no_accesible	no_accesible			Publikoa	1987	Amurrioko Udala	Ayuntamiento		Libre 	Publico	General			SÍ	SÍ	SÍ			SÍ	SÍ	SÍ	SÍ	SÍ		
Udal Liburutegia		ejgv_biblio		Biblioteca	Ondarreta, 2		20140	ANDOAIN		943300 615			liburutegia@andoain.org							no_accesible	no_accesible	no_accesible			Publikoa	1962	Andoaingo Udala	Ayuntamiento		Libre 	Publico	General			SÍ	SÍ	SÍ	SÍ			SÍ	SÍ	SÍ	SÍ	SÍ	
Udal Liburutegia		ejgv_biblio		Biblioteca	Herriko plaza, z/g		20270	ANOETA		943 651 200			liburutegi@anoeta.net							no_accesible	no_accesible	no_accesible			Publikoa	1989	Anoetako Udala	Ayuntamiento		Libre 	Publico	General			SÍ		SÍ	SÍ			SÍ	SÍ	SÍ		SÍ	
Udal Liburutegia		ejgv_biblio		Biblioteca	Eguzki auzoa, 4		20577	ANTZUOLA		943-766065			liburutegia@antzuola.com							sin_datos	sin_datos	sin_datos			Publikoa			Ayuntamiento		Libre 	Publico	General														
Asparrengo Liburutegia		ejgv_biblio		Biblioteca	Ilarduibide, 6 behea		1250	ASPARRENA		945 314 642			aasparrena.biblioteca@ayto.alava.net							accesible	no_accesible	no_accesible			Publikoa	1960	Asparrengo Udala	Ayuntamiento		Libre 	Publico	General			SÍ	SÍ	SÍ	SÍ		SÍ	SÍ	SÍ	SÍ		SÍ	
Udal Liburutegia		ejgv_biblio		Biblioteca	Aramako plaza, 4		20248	ARAMA		943-881170			mlasa.itsasondo@udal.gipuzkoa.net							sin_datos	sin_datos	sin_datos			Publikoa			Ayuntamiento		Libre 	Publico	General														
Udal Liburutegia		ejgv_biblio		Biblioteca	Nardeaga, 36		1160	ARAMAIO		945 445 374			kulturetxea@aramaio.org							accesible	no_accesible	no_accesible			Publikoa	1969	Aramaioko Udala	Ayuntamiento		Libre 	Publico	General			SÍ	SÍ		SÍ	SÍ		SÍ	SÍ	SÍ	SÍ	SÍ	SÍ
Udal Liburutegia		ejgv_biblio		Biblioteca	Zelaia auzoa, 1		48140	ARANTZAZU												accesible	sin_datos	sin_datos			Publikoa	1986	Arantzazuko Udala	Ayuntamiento		Libre 	Publico	General			SÍ		SÍ	SÍ			SÍ		SÍ		SÍ	
Udal Liburutegia		ejgv_biblio		Biblioteca	Gudarien plaza, 7		48143	AREATZA		94-6739010			libu.areatza@euskalnet.net							sin_datos	sin_datos	sin_datos			Publikoa			Ayuntamiento		Libre 	Publico	General														
Udal Liburutegia		ejgv_biblio		Biblioteca	Santa Kurtz, 20		20550	ARETXABALETA		943 081 001			liburutegia@aretxabaleta.net							accesible	accesible	no_accesible			Publikoa	1965	Aretxabaletako Udala	Ayuntamiento		Libre 	Publico	General			SÍ	SÍ	SÍ	SÍ			SÍ	SÍ	SÍ	SÍ	SÍ	
Santa Marina Auzo Biblioteka		ejgv_biblio		Biblioteca	Toki Argi. Agerre kalea, 2 A		20500	ARRASATE		943 711 925		http://www.arrasate-mondragon.org/auzo-biblioteka	auzobiblioteka@arraste-mondragon.net							accesible	no_accesible	no_accesible			Publikoa	1991	Arrasateko Udala	Ayuntamiento		Libre 	Publico	General			SÍ		SÍ			SÍ	SÍ	SÍ	SÍ	SÍ	SÍ	
Udal Biblioteka		ejgv_biblio		Biblioteca	Azoka kalea, 1		20500	ARRASATE		943 252 025		http://www.arrasate-mondragon.org/biblioteka	biblioteka@arrasate-mondragon.net							accesible	no_accesible	no_accesible			Publikoa	1966	Arrasateko Udala	Ayuntamiento		Libre 	Publico	General			SÍ	SÍ	SÍ	SÍ	SÍ	SÍ	SÍ	SÍ	SÍ	SÍ	SÍ	
Arrazolako Liburutegia		ejgv_biblio		Biblioteca	Arrazola, z/g		48291	ATXONDO												sin_datos	sin_datos	sin_datos			Publikoa			Ayuntamiento		Libre 	Publico	General														
Udal Liburutegia		ejgv_biblio		Biblioteca	Libao auzoa, 14		48114	ARRIETA		94-615 30 65			claucirica.arrieta@bizkaia.org							sin_datos	sin_datos	sin_datos			Publikoa			Ayuntamiento		Libre 	Publico	General														
Abusuko Udal Biblioteka		ejgv_biblio		Biblioteca	Olatxu, 4		48003	ARRIGORRIAGA		944 792 930			abusuliburutegia@arrigokultura.org							accesible	no_accesible	no_accesible			Publikoa	1988	Arrigorriagako Udala	Ayuntamiento		Libre 	Publico	General			SÍ	SÍ	SÍ			SÍ	SÍ	SÍ		SÍ	SÍ	
Udal Liburutegia		ejgv_biblio		Biblioteca	Urigoiti pasealekua, 8		48480	ARRIGORRIAGA		94 671 23 61			liburutegi@arrigokultura.org							sin_datos	sin_datos	sin_datos			Publikoa			Ayuntamiento		Libre 	Publico	General														
Biblioteca Pública Municipal		ejgv_biblio		Biblioteca	Avda. Lehendakari Agirre, 23		48870	ARTZENTALES		94-6109367			maribel.angulo@ortzadar.es							sin_datos	sin_datos	sin_datos			Publikoa			Ayuntamiento		Libre 	Publico	General														
Udal Liburutegia		ejgv_biblio		Biblioteca	Cantón de la Iglesia, 2		1474	ARTZINIEGA		945 396 394		http://www.artziniegakoudala.com/	artziniega@aulastelematicas.com							no_accesible	no_accesible	no_accesible			Publikoa	2002	Artziniegako Udala	Ayuntamiento		Libre 	Publico	General			SÍ		SÍ	SÍ		SÍ	SÍ	SÍ	SÍ	SÍ	SÍ	
Udal Liburutegia		ejgv_biblio		Biblioteca	Kale Nagusia, 8		20159	ASTEASU		943 69 68 96			kult.asteasu@udal.gipuzkoa.net							sin_datos	sin_datos	sin_datos			Publikoa			Ayuntamiento		Libre 	Publico	General														
Udal Liburutegia		ejgv_biblio		Biblioteca	Kale Nagusia, 48		20115	ASTIGARRAGA		943 331 192			liburutegia@astigarraga.net							accesible	no_accesible	no_accesible			Publikoa	1988	Astigarrako Udala	Ayuntamiento		Libre 	Publico	General			SÍ	SÍ	SÍ	SÍ			SÍ	SÍ		SÍ	SÍ	
Udal Liburutegia		ejgv_biblio		Biblioteca	Elbarrena, 15 B		20211	ATAUN		943 180 478			liburutegia@ataun.net							accesible	no_accesible	no_accesible			Publikoa	1991	Ataungo Udala	Ayuntamiento		Libre 	Publico	General			SÍ	  		SÍ		SÍ	SÍ	SÍ			SÍ	
Udal Liburutegia		ejgv_biblio		Biblioteca	Foru plaza, 1		48291	ATXONDO		946 821 009			liburutegia@atxondo.net							accesible	no_accesible	no_accesible			Publikoa	1990	Atxondoko Udala	Ayuntamiento		Libre 	Publico	General			SÍ			SÍ				SÍ				
Udal Liburutegia		ejgv_biblio		Biblioteca	Donibane enparantza, 1		48380	AULESTI		946 279 006			biblioteka.aulesti@bizkaia.org							accesible	no_accesible	no_accesible			Publikoa	1992	Aulestiko Udala	Ayuntamiento		Libre 	Publico	General			SÍ						SÍ	SÍ	SÍ	SÍ	SÍ	
Aizkibel Udal Liburutegia		ejgv_biblio		Biblioteca	Trenbidearen zumardia, 1		20720	AZKOITIA		943 850 898			liburutegia@azkoitia.net							no_accesible	no_accesible	no_accesible			Publikoa	1959	Azkoitiko Udala	Ayuntamiento		Libre 	Publico	General			SÍ	SÍ	SÍ	SÍ			SÍ	SÍ	SÍ		SÍ	SÍ
Udal Liburutegia		ejgv_biblio		Biblioteca	Enparan dorretxea		20730	AZPEITIA		943 157 195			liburutegia@azpeitia.net							accesible	no_accesible	no_accesible			Publikoa	1956	Azpeitiko Udala	Ayuntamiento		Libre 	Publico	General			SÍ	SÍ	SÍ	SÍ	SÍ	SÍ	SÍ	SÍ		SÍ	SÍ	
Udal Liburutegia		ejgv_biblio		Biblioteca	Agirre Lehendakaria plazea, 2		48130	BAKIO		94-6193369			liburutegia.bakio@bizkaia.org							sin_datos	sin_datos	sin_datos			Publikoa			Ayuntamiento		Libre 	Publico	General														
Udal Liburutegia		ejgv_biblio		Biblioteca	Andra Mari enparantza		20259	BALIARRAIN		943 889 003			baliarrain@udal.gipuzkoa.net							accesible	no_accesible	no_accesible			Publikoa	1983	Baliarraingo Udala	Ayuntamiento		Libre 	Publico	General			SÍ						SÍ					
Enrique de Bedia Liburutegia		ejgv_biblio		Biblioteca	San Juan plaza		48800	BALMASEDA		946 802 974			biblioteca@balmaseda.net							accesible	accesible	no_accesible			Publikoa	1956	Balmasedako Udala	Ayuntamiento		Libre 	Publico	General			SÍ	SÍ	SÍ	SÍ	SÍ	SÍ	SÍ	SÍ	SÍ	SÍ	SÍ	SÍ
Arrontegiko Liburutegia		ejgv_biblio		Biblioteca	Bizkaia, 36		48901	BARAKALDO		944 388 325			brontegi@barakaldo.org							no_accesible	no_accesible	no_accesible			Publikoa	1983	Barakaldo Udala	Ayuntamiento		Libre 	Publico	General			SÍ				SÍ		SÍ	SÍ	SÍ	SÍ	SÍ	
Artegabeitiako Liburutegia		ejgv_biblio		Biblioteca	Plaza Murcia, 4		48902	BARAKALDO		944 789 510			barteagabeitia@barakaldo.org							sin_datos	sin_datos	sin_datos			Publikoa	1978	Barakaldo Udala	Ayuntamiento		Libre 	Publico	General			SÍ						SÍ	SÍ	SÍ		SÍ	
Gurutzetako Liburutegia		ejgv_biblio		Biblioteca	Camino Balejo		48903	BARAKALDO		944 789 490			bcruces@barakaldo.org							accesible	no_accesible	no_accesible			Publikoa	1975	Barakaldo Udala	Ayuntamiento		Libre 	Publico	General			SÍ		SÍ	SÍ			SÍ	SÍ	SÍ	SÍ	SÍ	
Liburutegi Nagusia		ejgv_biblio		Biblioteca	Antonio Trueba parkea, z/g		48901	BARAKALDO		944 370 801			bibliotecacentral@barakaldo.org							accesible	no_accesible	no_accesible			Publikoa	1975	Barakaldo Udala	Ayuntamiento		Libre 	Publico	General			SÍ			SÍ			SÍ	SÍ	SÍ		SÍ	
Lutxanako Udal Liburutegia		ejgv_biblio		Biblioteca	Buen Pastor, 64 bajo		48903	BARAKALDO		944 789 495			blutxana@barakaldo.org							accesible	no_accesible	no_accesible			Publikoa	1976	Barakaldo Udala	Ayuntamiento		Libre 	Publico	General			SÍ						SÍ	SÍ	SÍ		SÍ	
Retuertoko Liburutegia		ejgv_biblio		Biblioteca	Avda. Euskadi, 82		48903	BARAKALDO		94-4789486			bretuerto@barakaldo.org							sin_datos	sin_datos	sin_datos			Publikoa			Ayuntamiento		Libre 	Publico	General														
San Bixenteko Udal Liburutegia		ejgv_biblio		Biblioteca	Gernikako Arbola, 41		48902	BARAKALDO		944 386 699			bsanvicente@barakaldo.org							accesible	no_accesible	no_accesible			Publikoa	1973	Barakaldo Udala	Ayuntamiento		Libre 	Publico	General			SÍ			SÍ	SÍ		SÍ	SÍ	SÍ	SÍ	SÍ	
Udal Liburutegia		ejgv_biblio		Biblioteca	Txintxilandia, 2		48650	BARRIKA		94-6775163			liburutegia@barrika.net							sin_datos	sin_datos	sin_datos			Publikoa			Ayuntamiento		Libre 	Publico	General														
San Miguel Liburutegia		ejgv_biblio		Biblioteca	Nekazarien plaza, z/g		48970	BASAURI		94-4666398										sin_datos	sin_datos	sin_datos			Publikoa			Ayuntamiento		Libre 	Publico	General														
Basozelaiko Liburutegi-Mediateka		ejgv_biblio		Biblioteca	Basozelai, 11		48970	BASAURI		94-4666400										sin_datos	sin_datos	sin_datos			Publikoa			Ayuntamiento		Libre 	Publico	General														
Haur Liburutegia		ejgv_biblio		Biblioteca	Ibaigane, 2		48970	BASAURI		94-4666388										sin_datos	sin_datos	sin_datos			Publikoa			Ayuntamiento		Libre 	Publico	General														
Kultur Etxeko Liburutegia		ejgv_biblio		Biblioteca	Ibaigane, 2		48970	BASAURI		94-4666388			bboado@basauri.net							sin_datos	sin_datos	sin_datos			Publikoa			Ayuntamiento		Libre 	Publico	General														
Pozokoetxeko Liburutegia		ejgv_biblio		Biblioteca	Erronkari ibarra, z/g		48970	BASAURI		94-4401594			pozokoetxe@euskalnet.net							sin_datos	sin_datos	sin_datos			Publikoa			Ayuntamiento		Libre 	Publico	General														
Loinazko San Martin Udal Biblioteka		ejgv_biblio		Biblioteca	San Martin plaza, z/g		20200	BEASAIN		943 028 070			biblioteka@beasain.net							accesible	no_accesible	no_accesible			Publikoa	1962	Beasaingo Udala	Ayuntamiento		Libre 	Publico	General			SÍ	SÍ	SÍ	SÍ			SÍ	SÍ	SÍ	SÍ		
Udal Liburutegia		ejgv_biblio		Biblioteca	Lehendakari Agirre plaza		48390	BEDIA		94-6314200			liburutegi.bedia@bizkaia.org							sin_datos	sin_datos	sin_datos			Publikoa			Ayuntamiento		Libre 	Publico	General														
Udal Liburutegia		ejgv_biblio		Biblioteca	Hiriburu, 23		20491	BELAUNTZA		943-670020			belauntza@euskalnet.net							sin_datos	sin_datos	sin_datos			Publikoa			Ayuntamiento		Libre 	Publico	General														
Udal Liburutegia		ejgv_biblio		Biblioteca	Simón de Otxandategi		48640	BERANGO		94-6682143										sin_datos	sin_datos	sin_datos			Publikoa			Ayuntamiento		Libre 	Publico	General														
Udal Liburutegia		ejgv_biblio		Biblioteca	Herriko enparantza, 1		20492	BERASTEGI		943-683000			berastegi@udal.gipuzkoa.net							sin_datos	sin_datos	sin_datos			Publikoa			Ayuntamiento		Libre 	Publico	General														
Angiozarko Liburutegia		ejgv_biblio		Biblioteca	Eskoleta, z/g		20578	BERGARA		943-761619										sin_datos	sin_datos	sin_datos			Publikoa			Ayuntamiento		Libre 	Publico	General														
Osintxuko Udal Liburutegia		ejgv_biblio		Biblioteca	Osintxu, 15		20570	BERGARA		943-779162										sin_datos	sin_datos	sin_datos			Publikoa			Ayuntamiento		Libre 	Publico	General														
Udal Liburutegia		ejgv_biblio		Biblioteca	Errotalde jauregia		20570	BERGARA		943-779162			liburutegia@bergara.net							sin_datos	sin_datos	sin_datos			Publikoa			Ayuntamiento		Libre 	Publico	General														
Joxemiel Barandiaran Udal Liburutegia		ejgv_biblio		Biblioteca	Lamera, z/g		48370	BERMEO		946 179 151		http://www.liburutegia.bermeo.org	liburutegia@bermeo.org							accesible	no_accesible	no_accesible			Publikoa	1987	Bermeoko Udala	Ayuntamiento		Libre 	Publico	General			SÍ	SÍ	SÍ	SÍ		SÍ	SÍ	SÍ	SÍ	SÍ	SÍ	SÍ
Udal Liburutegia		ejgv_biblio		Biblioteca	Ribera, 40		48710	BERRIATUA		94-6137030										sin_datos	sin_datos	sin_datos			Publikoa			Ayuntamiento		Libre 	Publico	General														
Udal Liburutegia		ejgv_biblio		Biblioteca	Geltoki kalea, 3		48240	BERRIZ		94-6225113			liburuteg.berriz@bizkaia.org							sin_datos	sin_datos	sin_datos			Publikoa			Ayuntamiento		Libre 	Publico	General														
Udal Liburutegia		ejgv_biblio		Biblioteca	Jose M. Goikoetxea, 28		20493	BERROBI		943-683294			liburutegia@hotmail.com							sin_datos	sin_datos	sin_datos			Publikoa			Ayuntamiento		Libre 	Publico	General														
Udal Liburutegia		ejgv_biblio		Biblioteca	Agerre azpi, 17 - 2		20496	BIDEGOIAN		943-240010			bidegoainliburutegia@hotmail.com							sin_datos	sin_datos	sin_datos			Publikoa			Ayuntamiento		Libre 	Publico	General														
Begoñako Udal Liburutegia		ejgv_biblio		Biblioteca	Circo Amateur del Club Deportivo, 2		48004	BILBAO		944 734 754		http://www.bilbao.net/bibliotecas	bibliotecabegona@ayto.bilbao.net							accesible	no_accesible	sin_datos			Publikoa	1997	Bilboko Udala	Ayuntamiento		Libre 	Publico	General			SÍ	SÍ	SÍ	SÍ			SÍ	SÍ	SÍ	SÍ	SÍ	SÍ
Bilbao Musika Udal Liburutegia		ejgv_biblio		Biblioteca	Sorkunde, 8		48005	BILBAO		944 164 785		http://www.bilbao.net/bibliotecas	bibliotecabm@ayto.bilbao.net							no_accesible	no_accesible	sin_datos			Publikoa	2003	Bilboko Udala	Ayuntamiento		Libre 	Publico	General			SÍ						SÍ	SÍ	SÍ		SÍ	
Buiako Udal Liburutegia		ejgv_biblio		Biblioteca	Buia auzoa, 140		48003	BILBAO				http://www.bilbao.net/bibliotecas								accesible	no_accesible	no_accesible			Publikoa	1990	Bilboko Udala	Ayuntamiento		Libre 	Publico	General			SÍ						SÍ		SÍ			
Castañoseko Udal Liburutegia		ejgv_biblio		Biblioteca	Castaños, 11		48007	BILBAO		944 203 404		http://www.bilbao.net/bibliotecas	bibliotecacastanos@ayto.bilbao.net							accesible	no_accesible	sin_datos			Publikoa	2009	Bilboko Udala	Ayuntamiento		Libre 	Publico	General			SÍ		SÍ				SÍ	SÍ	SÍ		SÍ	
Deustuko Udal Liburutegia		ejgv_biblio		Biblioteca	Lehendakari Agirre, 42		48014	BILBAO		944 474 604		http://www.bilbao.net/bibliotecas	bibliotecadeusto@ayto.bilbao.net							accesible	no_accesible	sin_datos			Publikoa	1998	Bilboko Udala	Ayuntamiento		Libre 	Publico	General			SÍ	SÍ	SÍ			SÍ	SÍ	SÍ	SÍ	SÍ	SÍ	SÍ
Errekaldeko Udal Liburutegia		ejgv_biblio		Biblioteca	Gordoniz, 49		48002	BILBAO		944 223 897		http://www.bilbao.net/bibliotecas	bibliotecarekalde@ayto.bilbao.net							accesible	no_accesible	no_accesible			Publikoa	1988	Bilboko Udala	Ayuntamiento		Libre 	Publico	General			SÍ	SÍ	SÍ	SÍ			SÍ	SÍ	SÍ	SÍ	SÍ	
Ibaialdeko Liburutegia		ejgv_biblio		Biblioteca	Ibaialde, 3		48003	BILBAO		946 792 518		http://www.bilbao.net/bibliotecas	bibliotecaibaialde@ayto.bilbao.net							accesible	accesible	accesible			Publikoa	2011	Bilboko Udala	Ayuntamiento		Libre 	Publico	General			SÍ		SÍ	SÍ			SÍ	SÍ	SÍ	SÍ	SÍ	
Iralako Udal Liburutegia		ejgv_biblio		Biblioteca	Giña estrata, z/g		48012	BILBAO		944 436 501		http://www.bilbao.net/bibliotecas	bibliotecairala@ayto.bilbao.net							accesible	no_accesible	no_accesible			Publikoa	1989	Bilboko Udala	Ayuntamiento		Libre 	Publico	General			SÍ		SÍ				SÍ	SÍ	SÍ	SÍ		
Liburutegi Nagusia		ejgv_biblio		Biblioteca	Bidebarrieta, 4		48005	BILBAO		944 150 915		http://www.bilbao.net/bibliotecas	bidebarrieta@ayto.bilbao.net							accesible	no_accesible	sin_datos			Publikoa	1956	Bilboko Udala	Ayuntamiento		Libre 	Publico	General			SÍ	SÍ	SÍ	SÍ		SÍ	SÍ	SÍ	SÍ	SÍ	SÍ	SÍ
Otxarkoagako Udal Liburutegia		ejgv_biblio		Biblioteca	Pau Casals, 19		48004	BILBAO		944 128 749		http://www.bilbao.net/bibliotecas	bibliotecaotxarkoaga@ayto.bilbao.net							accesible	no_accesible	no_accesible			Publikoa	1967	Bilboko Udala	Ayuntamiento		Libre 	Publico	General			SÍ		SÍ	SÍ			SÍ	SÍ	SÍ	SÍ	SÍ	
San Adriango Udal Liburutegia		ejgv_biblio		Biblioteca	San Adrian etorbidea, 34		48003	BILBAO		944 447 832		http://www.bilbao.net/bibliotecas	bibliotecasanadrian@ayto.bilbao.net							accesible	no_accesible	no_accesible			Publikoa	1988	Bilboko Udala	Ayuntamiento		Libre 	Publico	General			SÍ	SÍ	SÍ				SÍ	SÍ	SÍ	SÍ	SÍ	
San Frantzisko Liburutegia		ejgv_biblio		Biblioteca	Mariaren bihotza plaza, z/g		48003	BILBAO		944 150 681		http://www.bilbao.net/bibliotecas	bibliotecasanfrancisco@ayto.bilbao.net							accesible	no_accesible	no_accesible			Publikoa	1919	Bilboko Udala	Ayuntamiento		Libre 	Publico	General			SÍ	SÍ	SÍ	SÍ			SÍ	SÍ	SÍ	SÍ	SÍ	SÍ
San Inazioko Udal Liburutegia		ejgv_biblio		Biblioteca	Lehendakari Agirre, 170		48015	BILBAO		944 752 104		http://www.bilbao.net/bibliotecas	bibliotecasignacio@ayto.bilbao.net							no_accesible	no_accesible	no_accesible			Publikoa	1966	Bilboko Udala	Ayuntamiento		Libre 	Publico	General			SÍ	SÍ	SÍ	SÍ			SÍ	SÍ	SÍ	SÍ	SÍ	
Zabalako Udal Liburutegia		ejgv_biblio		Biblioteca	Bruno Mauricio Zabala, 41		48003	BILBAO		944 150 317		http://www.bilbao.net/bibliotecas	bibliotecazabala@ayto.bilbao.net							no_accesible	no_accesible	no_accesible			Publikoa	1992	Bilboko Udala	Ayuntamiento		Libre 	Publico	General			SÍ		SÍ	SÍ			SÍ	SÍ	SÍ	SÍ	SÍ	
Zorrozako Udal Liburutegia		ejgv_biblio		Biblioteca	Fray Juan, 35		48013	BILBAO		944 820 370		http://www.bilbao.net/bibliotecas	bibliotecazorroza@ayto.bilbao.net							accesible	no_accesible	sin_datos			Publikoa	1990	Bilboko Udala	Ayuntamiento		Libre 	Publico	General			SÍ	SÍ	SÍ	SÍ			SÍ	SÍ	SÍ	SÍ	SÍ	SÍ
Zurbaranbarriko Udal Liburutegia		ejgv_biblio		Biblioteca	Iturriondo enparantza, 4		48007	BILBAO		944 466 001		http://www.bilbao.net/bibliotecas	bibliotecazurb@ayto.bilbao.net							accesible	no_accesible	no_accesible			Publikoa	1989	Bilboko Udala	Ayuntamiento		Libre 	Publico	General			SÍ			SÍ			SÍ	SÍ	SÍ	SÍ		
Udal Liburutegia		ejgv_biblio		Biblioteca	Altamira, 40		48350	BUSTURIA		946 171 004			liburutegia.busturia@bizkaia.org							no_accesible	no_accesible	no_accesible			Publikoa	1990	Busturiko Udala	Ayuntamiento		Libre 	Publico	General			SÍ	SÍ		SÍ			SÍ	SÍ	SÍ	SÍ	SÍ	
Ostolaza Udal Liburutegia		ejgv_biblio		Biblioteca	Astillero kalea, 4		20820	DEBA		943 192 560			ostolaza@deba.net							accesible	sin_datos	sin_datos			Publikoa	1936	Debako Udala	Ayuntamiento		Libre 	Publico	General			SÍ	SÍ	SÍ	SÍ			SÍ			SÍ		
Udal Liburutegia		ejgv_biblio		Biblioteca	Kultur Etxea	Anboto plaza, 4	48160	DERIO		944 540 210			liburutegia@deriokoudala.net							accesible	no_accesible	no_accesible			Publikoa	1988	Derioko Udala	Ayuntamiento		Libre 	Publico	General			SÍ	SÍ	SÍ	SÍ	SÍ		SÍ	SÍ		SÍ	SÍ	
Aieteko Kultur Etxeko Liburutegia		ejgv_biblio		Biblioteca	Aiete pasealekua, 63		20009	DONOSTIA-SAN SEBASTIÁN		943 481 921		http://katalogoa.donostiakultura.com	aieteliburutegia@donostia.org							sin_datos	sin_datos	sin_datos			Publikoa		Donostiako Udala	Ayuntamiento		Libre 	Publico	General														
Ernest Lluch Kultur Etxeko Liburutegia		ejgv_biblio		Biblioteca	Anoeta pasealekua, 7		20014	DONOSTIA-SAN SEBASTIÁN		943 481 867		http://katalogoa.donostiakultura.com	amaraliburutegia@donostia.org							sin_datos	sin_datos	sin_datos			Publikoa		Donostiako Udala	Ayuntamiento		Libre 	Publico	General														
Casares-Tomasene Kultur Etxeko Liburutegia		ejgv_biblio		Biblioteca	Darieta bidea, 6		20017	DONOSTIA-SAN SEBASTIÁN		943 357 516		http://katalogoa.donostiakultura.com	tomaseneliburutegia@donostia.org							sin_datos	sin_datos	sin_datos			Publikoa		Donostiako Udala	Ayuntamiento		Libre 	Publico	General														
Egia Kultur Etxeko Liburutegia		ejgv_biblio		Biblioteca	Baztan, 21		20012	DONOSTIA-SAN SEBASTIÁN		943 298 024		http://katalogoa.donostiakultura.com	egialiburutegia@donostia.org							sin_datos	sin_datos	sin_datos			Publikoa		Donostiako Udala	Ayuntamiento		Libre 	Publico	General														
Udal Liburutegi Nagusia. Haur Saila		ejgv_biblio		Biblioteca	Fermín Calbetón, 25		20003	DONOSTIA-SAN SEBASTIÁN		943 481 999		http://katalogoa.donostiakultura.com	haurliburutegia@donostia.org							sin_datos	sin_datos	sin_datos			Infantil 		Donostiako Udala	Ayuntamiento		Libre 	Publico		Infantil													
Intxaurrondo Berri Kultur Etxeko Liburutegia		ejgv_biblio		Biblioteca	Gaztela kalea, 2		20015	DONOSTIA-SAN SEBASTIÁN		943 279 343		http://katalogoa.donostiakultura.com	intxaurrondoberriliburutegia@donostia.org							sin_datos	sin_datos	sin_datos			Publikoa		Donostiako Udala	Ayuntamiento		Libre 	Publico	General														
Larratxo Liburutegia		ejgv_biblio		Biblioteca	Txirrita bertsolaria, 22		20017	DONOSTIA-SAN SEBASTIÁN		943 392 625		http://katalogoa.donostiakultura.com	larratxoliburutegia@donostia.org							sin_datos	sin_datos	sin_datos			Publikoa		Donostiako Udala	Ayuntamiento		Libre 	Publico	General														
Larrotxene Kultur Etxeko Liburutegia		ejgv_biblio		Biblioteca	Intxaurrondo, 57		20015	DONOSTIA-SAN SEBASTIÁN		943 291 954		http://katalogoa.donostiakultura.com	larrotxeneliburutegia@donostia.org							sin_datos	sin_datos	sin_datos			Publikoa		Donostiako Udala	Ayuntamiento		Libre 	Publico	General														
Udal Liburutegi Nagusia		ejgv_biblio		Biblioteca	Alderdi Eder, 1		20003	DONOSTIA-SAN SEBASTIÁN		943 481 486		http://katalogoa.donostiakultura.com	liburutegia_alderdieder@donostia.org							sin_datos	sin_datos	sin_datos			Publikoa		Donostiako Udala	Ayuntamiento		Libre 	Publico	General														
Loiola Kultur Etxeko Liburutegia		ejgv_biblio		Biblioteca	Aralar mendia, 17		20014	DONOSTIA-SAN SEBASTIÁN		943 454 605		http://katalogoa.donostiakultura.com	loiolaliburutegia@donostia.org							sin_datos	sin_datos	sin_datos			Publikoa		Donostiako Udala	Ayuntamiento		Libre 	Publico	General														
Lugaritz Kultur Etxeko Liburutegia		ejgv_biblio		Biblioteca	Heriz pasealekua, 20		20008	DONOSTIA-SAN SEBASTIÁN		943 310 780		http://katalogoa.donostiakultura.com	lugaritzliburutegia@donostia.org							sin_datos	sin_datos	sin_datos			Publikoa		Donostiako Udala	Ayuntamiento		Libre 	Publico	General														
Okendo Kultur Etxeko Liburutegia		ejgv_biblio		Biblioteca	Nafarroa hiribidea, 7		20013	DONOSTIA-SAN SEBASTIÁN		943 297 894		http://katalogoa.donostiakultura.com	okendoliburutegia@donostia.org							sin_datos	sin_datos	sin_datos			Publikoa		Donostiako Udala	Ayuntamiento		Libre 	Publico	General														
Urgull Mendiko Liburutegia		ejgv_biblio		Biblioteca	Damen bateria. Urgull mendia		20003	DONOSTIA-SAN SEBASTIÁN		943 420 490		http://katalogoa.donostiakultura.com								sin_datos	sin_datos	sin_datos			Publikoa		Donostiako Udala	Ayuntamiento		Libre 	Publico	General														
Udal Musika eta Dantza Eskolako Liburutegia		ejgv_biblio		Biblioteca	Hirutxulo plaza, 3		20012	DONOSTIA-SAN SEBASTIÁN		943 297 830		http://katalogoa.donostiakultura.com	musikaliburutegia@donostia.org							sin_datos	sin_datos	sin_datos			Publikoa		Donostiako Udala	Ayuntamiento		Libre 	Publico	General														
San Telmo Museoko Liburutegia		ejgv_biblio		Biblioteca	Zuloaga plaza		20003	DONOSTIA-SAN SEBASTIÁN				http://katalogoa.donostiakultura.com								sin_datos	sin_datos	sin_datos			Publikoa		Donostiako Udala	Ayuntamiento		Libre 	Publico	General														
Cristina-enea Ingurumen baliabideen Etxeko Liburutegia		ejgv_biblio		Biblioteca	Cristina Enea	Mandas Dukearen pasealekua	20012	DONOSTIA-SAN SEBASTIÁN		943 453 526		http://katalogoa.donostiakultura.com	cristinaenea@donostia.org							sin_datos	sin_datos	sin_datos			Publikoa		Donostiako Udala	Ayuntamiento		Libre 	Publico	General														
Amundarain Liburutegi-mediateka		ejgv_biblio		Biblioteca	Martutene, 48		20014	DONOSTIA-SAN SEBASTIÁN		943 470 235		http://katalogoa.donostiakultura.com								sin_datos	sin_datos	sin_datos			Publikoa		Arantzazuko Ama ikastola	Pribatua		Libre 	Publico	General														
Udal Biblioteka		ejgv_biblio		Biblioteca	Komentukale, 8		48200	DURANGO		946 030 041		http://www.durango-udala.net	liburutegia@durango-udala.net							accesible	no_accesible	accesible			Publikoa	1992	Astarloa Kulturgintza	Erakunde autonomoa		Libre 	Publico	General			SÍ		SÍ	SÍ	SÍ	SÍ	SÍ	SÍ	SÍ	SÍ	SÍ	SÍ
Juan San Martin Liburutegia		ejgv_biblio		Biblioteca	Portalea	Bista Eder, 10 - 1,	20600	EIBAR		943 708 437		http://www.bibliotecaspublicas.es/eibar	biblioteca@eibar.net							accesible	no_accesible	no_accesible			Publikoa	1907	Eibarko Udala	Ayuntamiento		Libre 	Publico	General			SÍ	SÍ	SÍ	SÍ	SÍ	SÍ	SÍ	SÍ	SÍ	SÍ	SÍ	SÍ
Udal Liburutegia		ejgv_biblio		Biblioteca	C/ Norte, 26		1340	ELCIEGO		945 606 166		http://www.bibliotecaspublicas.es/elciego	biblioteca@biblielciego.e.telefonica.net							accesible	no_accesible	no_accesible			Publikoa	1989	Ayuntamiento de Elciego	Ayuntamiento		Libre 	Publico	General			SÍ			SÍ			SÍ	SÍ		SÍ	SÍ	SÍ
Udal Liburutegia		ejgv_biblio		Biblioteca	Salbador, 2		20690	ELGETA		943 78 80 12			mariele_este@yahoo.es							accesible	no_accesible	no_accesible			Publikoa	1978	Elgetako Udala	Ayuntamiento		Libre 	Publico	General			SÍ			SÍ			SÍ	SÍ	SÍ			SÍ
Gotzon Garate Udal Liburutegia		ejgv_biblio		Biblioteca	San Francisco, 21 - 2.		20870	ELGOIBAR		943 743 525			liburutegia@elgoibar.org							accesible	no_accesible	no_accesible			Publikoa	1962	Elgoibarko Udala	Ayuntamiento		Libre 	Publico	General			SÍ	SÍ	SÍ	SÍ	SÍ	SÍ	SÍ	SÍ	SÍ	SÍ	SÍ	SÍ
Udal Liburutegia		ejgv_biblio		Biblioteca	Elizburu, 18		48230	ELORRIO		946 032 032		http://www.elorrio.net	liburutegia@elorrio.net							accesible	accesible	accesible			Publikoa	1967	Elorrioko Udala	Ayuntamiento		Libre 	Publico	General			SÍ	SÍ	SÍ	SÍ		SÍ	SÍ	SÍ	SÍ	SÍ	SÍ	SÍ
Udal Liburutegia		ejgv_biblio		Biblioteca	Plaza Santa María, 10 - 2º dcha		1309	ELVILLAR		945 604 035			aulatelematicaelvillar@hotmail.com							accesible	no_accesible	no_accesible			Publikoa	1986	Ayuntamiento de Elvillar-Bilar	Ayuntamiento		Libre 	Publico	General			SÍ	SÍ					SÍ	SÍ	SÍ		SÍ	SÍ
Altzagako Udal Liburutegia		ejgv_biblio		Biblioteca	Jesús Aranburu, 6 - 8		48950	ERANDIO		94-4170071			liburutegi-erandio@euskalnet.net							sin_datos	sin_datos	sin_datos			Publikoa			Ayuntamiento		Libre 	Publico	General														
Astrabuduako Udal Biblioteka		ejgv_biblio		Biblioteca	Josu Murueta plaza, z/g		48950	ERANDIO		944 672 946		http://www.erandioko-udala.net/Udala/eu_Biblioteca.htm	astlib@erandioko-udala.net / astrabubiblioteka@erandioko-udala.net							accesible	no_accesible	no_accesible			Publikoa	1992	Erandioko Udala	Ayuntamiento		Libre 	Publico	General			SÍ	SÍ	SÍ			SÍ		SÍ	SÍ	SÍ		
Udal Liburutegia		ejgv_biblio		Biblioteca	Andía, 8 		1208	SAN MILLAN/DONEMILIAGA		945 300 472			biblioteca@sanmillan.es							accesible	no_accesible	no_accesible			Publikoa	2005	Donemiliagako Udala	Ayuntamiento		Libre 	Publico	General			SÍ					SÍ	SÍ	SÍ	SÍ	SÍ		
Udal Liburutegia		ejgv_biblio		Biblioteca	Elexalde auzoa, z/g		48313	EREÑO		946 254 621			udala.ereno@bizkaia.org							no_accesible	no_accesible	no_accesible			Publikoa	1990	Ereñoko Udala	Ayuntamiento		Libre 	Publico	General			SÍ						SÍ					
Udal Liburutegia		ejgv_biblio		Biblioteca	Goienkale, z/g		48260	ERMUA		943 179 212			biblioteca@udalermua.net							accesible	sin_datos	no_accesible			Publikoa	1989	Ermuko Udala	Ayuntamiento		Libre 	Publico	General			SÍ	SÍ	SÍ	SÍ		SÍ	SÍ	SÍ	SÍ	SÍ	SÍ	
Haur eta Gazte Liburutegia		ejgv_biblio		Biblioteca	Xenpelar etxea	Magdalena, 32	20100	ERRENTERIA		943-449635			liburutegi@errenteria.net							sin_datos	sin_datos	sin_datos			Publikoa			Ayuntamiento		Libre 	Publico	General														
Udal Liburutegia		ejgv_biblio		Biblioteca	Magdalena, 27-29		20100	ERRENTERIA		943 449 635			liburutegi@errenteria.net							accesible	no_accesible	no_accesible			Publikoa	1962	Errenteriako Udala	Ayuntamiento		Libre 	Publico	General			SÍ	SÍ	SÍ	SÍ		SÍ	SÍ	SÍ	SÍ	SÍ	SÍ	
Udal Liburutegia		ejgv_biblio		Biblioteca	Borondegi Etxea		20737	ERREZIL		943-812764			errezil_liburutegia@yahoo.es							sin_datos	sin_datos	sin_datos			Publikoa			Ayuntamiento		Libre 	Publico	General														
Udal Biblioteka		ejgv_biblio		Biblioteca	San Pedro kalea, z/g		20540	ESKORIATZA		943 713 135			biblioteka@eskoriatza.net							accesible		no_accesible			Publikoa	2003	Eskoriatzako Udala	Ayuntamiento		Libre 	Publico	General			SÍ	SÍ	SÍ	SÍ			SÍ	SÍ			SÍ	
Bekosolo Liburutegia		ejgv_biblio		Biblioteca	Bekosolo parkea, 7		48450	ETXEBARRI		94-4264167			bekosololiburutegia@etxebarri.net							sin_datos	sin_datos	sin_datos			Publikoa			Ayuntamiento		Libre 	Publico	General														
San Antonio Udal Liburutegia		ejgv_biblio		Biblioteca	Andalucía, 19		48450	ETXEBARRI		944 406 040			sanantonioliburutegia@etxebarri.net							accesible	no_accesible	no_accesible			Publikoa	1987	Etxebarriko Udala	Ayuntamiento		Libre 	Publico	General			SÍ	SÍ					SÍ		SÍ	SÍ	SÍ	
Etxebarriko Udal Liburutegia		ejgv_biblio		Biblioteca	Erbera, 14		48277	ETXEBARRIA		946 169 342			liburutegia.etxebarria@bizkaia.org							no_accesible	no_accesible	no_accesible			Publikoa	1985	Etxebarriko Udala	Ayuntamiento		Libre 	Publico	General			SÍ	SÍ	SÍ	SÍ			SÍ	SÍ		SÍ	SÍ	SÍ
Udal Liburutegia		ejgv_biblio		Biblioteca	Anduaga auzoa, z/g		20709	EZKIO-ITSASO		943 723 525			ezkio-itsaso@hotmail.com							no_accesible	no_accesible	no_accesible			Publikoa	1988	Ezkio-Itsasoko Udala	Ayuntamiento		Libre 	Publico	General			SÍ			SÍ		SÍ	SÍ	SÍ	SÍ		SÍ	
J. M. Torrealdai Liburutegia		ejgv_biblio		Biblioteca	Elejalde auzoa, 23		48393	FORUA		946 254 574		http://www.forua.net	liburutegi.forua@bizkaia.org							no_accesible	no_accesible	no_accesible			Publikoa	1999	Foruko Udala	Ayuntamiento		Libre 	Publico	General			SÍ			SÍ			SÍ	SÍ	SÍ		SÍ	
Fruizko Udal Liburutegia		ejgv_biblio		Biblioteca	Aldai auzoa, 48		48116	FRUIZ		946 153 210			alegarretaetxebarria.fruiz@bizkaia.org							accesible	no_accesible	no_accesible			Publikoa		Fruizko Udala	Ayuntamiento		Libre 	Publico	General			SÍ						SÍ		SÍ		SÍ	
Udal Liburutegia		ejgv_biblio		Biblioteca	Gabiria gunea, z/g		20217	GABIRIA		943-880734			gabiria@udal.gipuzkoa.net							sin_datos	sin_datos	sin_datos			Publikoa			Ayuntamiento		Libre 	Publico	General														
Udal Liburutegia		ejgv_biblio		Biblioteca	Herriko plaza, z/g		20248	GAINTZA		943-889564			gaintza@udal.gipuzkoa.net							sin_datos	sin_datos	sin_datos			Publikoa			Ayuntamiento		Libre 	Publico	General														
Aperribaiko Liburutegia		ejgv_biblio		Biblioteca	Aperribai auzoa, z/g		48960	GALDAKAO		94-4261790			bibliotecaaperribai@galdakao.net							sin_datos	sin_datos	sin_datos			Publikoa			Ayuntamiento		Libre 	Publico	General														
Torrezabal Udal Liburutegia		ejgv_biblio		Biblioteca	Lehendakari Agirre, z/g		48960	GALDAKAO		944 571 296			bibliotecatorrezabal@galdakao.net							accesible	accesible	no_accesible			Publikoa	1969	Galdakaoko Udala	Ayuntamiento		Libre 	Publico	General			SÍ	SÍ	SÍ	SÍ			SÍ	SÍ		SÍ	SÍ	
Usansoloko Udal Liburutegia		ejgv_biblio		Biblioteca	Ander Deuna, z/g		48960	GALDAKAO		944 363 035			bibliotecausansolo@galdakao.net							no_accesible	no_accesible	no_accesible			Publikoa	1985	Galdakaoko Udala	Ayuntamiento		Libre 	Publico	General														
Udal Liburutegia		ejgv_biblio		Biblioteca	San Pedro, 6		48191	GALDAMES		94-6104930			liburu@euskalnet.net							sin_datos	sin_datos	sin_datos			Publikoa			Ayuntamiento		Libre 	Publico	General														
Udal Liburutegia		ejgv_biblio		Biblioteca	Ergoien auzoa, z/g		48113	GAMIZ-FIKA		94-6153114			emonasterio.gamiz-fika@bizkaia.org							sin_datos	sin_datos	sin_datos			Publikoa			Ayuntamiento		Libre 	Publico	General														
Udal Liburutegia		ejgv_biblio		Biblioteca	Sertutxa auzoa, z/g		48110	GATIKA		94-6151250			kulturetxea@gatika.net							sin_datos	sin_datos	sin_datos			Publikoa			Ayuntamiento		Libre 	Publico	General														
Sabin Muniategi Udal Liburutegia		ejgv_biblio		Biblioteca	Enparantza, 2		48314	GAUTEGIZ-ARTEAGA		946 271 513			kultura.gautegiz@gmail.com							sin_datos	sin_datos	sin_datos			Publikoa			Ayuntamiento		Libre 	Publico	General														
Udal Liburutegia		ejgv_biblio		Biblioteca	Foruen plaza, 2		48300	GERNIKA-LUMO		946 270 201		http://www.gernika-lumo.net/kultura/datos/eu_biblioteca.htm	liburutegia@gernika-lumo.net							accesible	no_accesible	no_accesible			Publikoa	1987	Gernika-Lumoko Udala	Ayuntamiento		Libre 	Publico	General			SÍ	SÍ	SÍ	SÍ	SÍ		SÍ	SÍ	SÍ	SÍ	SÍ	SÍ
Udal Liburutegia		ejgv_biblio		Biblioteca	San Roke, 2-1.		20808	GETARIA		943-896147			kultura@getaria.org							sin_datos	sin_datos	sin_datos			Publikoa			Ayuntamiento		Libre 	Publico	General														
Gobela Udal Liburutegia		ejgv_biblio		Biblioteca	Luis López Osés, z/g		48930	GETXO		944 644 810		http://www.getxo.net	gobela.liburutegia@getxo.net							accesible	no_accesible	no_accesible			Publikoa	2010	Getxoko Kultur Etxea	Erakunde autonomaa		Libre 	Publico	General			SÍ	SÍ	SÍ	SÍ	SÍ	SÍ	SÍ	SÍ	SÍ	SÍ	SÍ	
San Nikolas Liburutegia		ejgv_biblio		Biblioteca	Plaza San Nicolás, s/n		48991	GETXO		944 911 704		http://www.getxo.net	sannikolas.liburutegia@getxo.net							no_accesible	no_accesible	no_accesible			Publikoa	1989	Getxoko Kultur Etxea	Erakunde autonomaa		Libre 	Publico	General			SÍ	SÍ		SÍ	SÍ	SÍ	SÍ	SÍ	SÍ	SÍ	SÍ	
Villamonteko Liburutegia		ejgv_biblio		Biblioteca	Villamonte, A - 8		48991	GETXO		944 319 281		http://www.getxo.net	villamonte.liburutegia@getxo.net							accesible	no_accesible	no_accesible			Publikoa	1975	Getxoko Kultur Etxea	Erakunde autonomaa		Libre 	Publico	General			SÍ	SÍ	SÍ	SÍ	SÍ	SÍ	SÍ	SÍ	SÍ	SÍ	SÍ	
Udal Liburutegia		ejgv_biblio		Biblioteca	El Molinar, 11		48192	GORDEXOLA		946 798 061			ke-gordexola@gordexola.net							accesible	no_accesible	no_accesible			Publikoa		Gordexolako Udala	Ayuntamiento		Libre 	Publico	General			SÍ			SÍ			SÍ		SÍ		SÍ	SÍ
Gorlizko Udal Liburutegia		ejgv_biblio		Biblioteca	Krutzeta, 5 A		48630	GORLIZ		946 774 000			liburutegia@gorliz.net							accesible	no_accesible	no_accesible			Publikoa	1992	Gorlizko Udala	Ayuntamiento		Libre 	Publico	General			SÍ	SÍ	SÍ	SÍ	SÍ		SÍ		SÍ	SÍ	SÍ	SÍ
Udal Liburutegia		ejgv_biblio		Biblioteca	Eretza, z/g 	Zaramillo	48820	GUEÑES		94-6693747			bibliotecazaramillo@hotmail.com							sin_datos	sin_datos	sin_datos			Publikoa			Ayuntamiento		Libre 	Publico	General														
Biblioteca de Güeñes		ejgv_biblio		Biblioteca	Enkarterri, 2		48840	GÜEÑES		946 690 877			bibliotecaguenes@euskalnet.net							accesible	no_accesible	no_accesible			Publikoa	1996	Güeñesko Udala	Ayuntamiento		Libre 	Publico	General			SÍ	SÍ		SÍ				SÍ	SÍ		SÍ	
Sodupeko Udal Liburutegia		ejgv_biblio		Biblioteca	Travesía Gallarraga, z/g		48830	GÜEÑES		946 692 276		http://www.guenes.net	bibliotecasodupe@guenes.net							accesible	no_accesible	sin_datos			Publikoa	1975	Güeñesko Udala	Ayuntamiento		Libre 	Publico	General			SÍ	SÍ	SÍ	SÍ			SÍ	SÍ	SÍ		SÍ	
Udal Liburutegia		ejgv_biblio		Biblioteca	Nafar kalea, 18		20120	HERNANI		943 552 966		http://www.hernaniliburutegia.net	liburutegi@hernani.net							accesible	no_accesible	no_accesible			Publikoa	1958	Hernaniko Udala	Ayuntamiento		Libre 	Publico	General			SÍ	SÍ	SÍ	SÍ		SÍ	SÍ	SÍ	SÍ	SÍ	SÍ	
Udal Liburutegia		ejgv_biblio		Biblioteca	Zuloaga Etxea	Kale Nagusia, 8	20820	HONDARRIBIA		943-111295			liburutegia@hondarribia.org							sin_datos	sin_datos	sin_datos			Publikoa			Ayuntamiento		Libre 	Publico	General														
Udal Liburutegia		ejgv_biblio		Biblioteca	Benito Izagirre Kultur Etxea	Euskal Herria, 44	20400	IBARRA		943 670 399			liburuzaina@ibarrakoudala.net							accesible	no_accesible	no_accesible			Publikoa	1987	Ibarrako Udala	Ayuntamiento		Libre 	Publico	General			SÍ	SÍ		SÍ		SÍ	SÍ	SÍ	SÍ	SÍ	SÍ	
Kultur Etxea		ejgv_biblio		Biblioteca	Ibaeta, 4		48311	IBARRANGELU		946 276 198			kultur@ibarrangelu.euskalnet.net							sin_datos	sin_datos	sin_datos			Publikoa	1996	Ibarrangeluko udala	Ayuntamiento		Libre 	Publico	General			SÍ			SÍ							SÍ	
Udal Liburutegia		ejgv_biblio		Biblioteca	Plaza Nagusia, 3		20213	IDIAZABAL		943-187099			idiazabal@idiazabalgoliburutegia.e.telefonica.net							sin_datos	sin_datos	sin_datos			Publikoa			Ayuntamiento		Libre 	Publico	General														
I.Zubizarreta Liburutegia		ejgv_biblio		Biblioteca	Olabarri, 33		48140	IGORRE		94-6736251			i.elexpe@igorre.net							sin_datos	sin_datos	sin_datos			Publikoa			Ayuntamiento		Libre 	Publico	General														
Udal Liburutegia		ejgv_biblio		Biblioteca	Kiroldegia	San Lorentzo, z/g	20267	IKAZTEGIETA		943-652046			kultura.ikaztegieta@euskalnet.net							sin_datos	sin_datos	sin_datos			Publikoa			Ayuntamiento		Libre 	Publico	General														
Ikust-Alaia Udal Liburutegia		ejgv_biblio		Biblioteca	Kale Nagusia, 24		20304	IRUN		943 505 421		http://www.irung.org/biblioteca	biblioteca@irun.org							accesible	no_accesible	no_accesible			Publikoa	1978	Irungo Udala	Ayuntamiento		Libre 	Publico	General			SÍ	SÍ	SÍ	SÍ			SÍ	SÍ	SÍ	SÍ	SÍ	SÍ
Udal Liburutegia		ejgv_biblio		Biblioteca	San Migel plaza, 4 atzea		20271	IRURA		943 692 674			irurakoliburutegia@gmail.com							no_accesible	no_accesible	no_accesible			Publikoa	1989	Irurako Udala	Ayuntamiento		Libre 	Publico	General			SÍ		SÍ	SÍ			SÍ	SÍ	SÍ			
Udal Liburutegia		ejgv_biblio		Biblioteca	Kale Nagusia, 24		20249	ITSASONDO		943-881170			mlasa.itsasondo@udal.gipuzkoa.net							sin_datos	sin_datos	sin_datos			Publikoa			Ayuntamiento		Libre 	Publico	General														
Iurretako Herri Biblioteka		ejgv_biblio		Biblioteca	Bidebarrieta, 4		48215	IURRETA		946 812 726			biblioteka@iurreta.net							no_accesible	no_accesible	accesible			Publikoa	2001	Iurretako Udala	Ayuntamiento		Libre 	Publico	General			SÍ	SÍ	SÍ	SÍ	SÍ	SÍ	SÍ	SÍ	SÍ	SÍ	SÍ	
Urkabustaizko Udal Liburutegia		ejgv_biblio		Biblioteca	Godamiturri, 7		1440	URKABUSTAIZ		945 437 710			urkabustaiz1@arrakis.es							accesible	no_accesible	no_accesible			Publikoa	1971	Urkabustaizko Udala	Ayuntamiento		Libre 	Publico	General			SÍ	SÍ	SÍ	SÍ			SÍ	SÍ	SÍ	SÍ	SÍ	
Izurtzako Udal Liburutegia		ejgv_biblio		Biblioteca	Eleizalde, 13		48213	IZURTZA		946 813 548			liburutegia.izurtza@bizkaia.org							no_accesible	no_accesible	no_accesible			Publikoa	1988	Izurtzako Udala	Ayuntamiento		Libre 	Publico	General			SÍ			SÍ			SÍ	SÍ	SÍ		SÍ	
Udal Liburutegia		ejgv_biblio		Biblioteca	Barrio Concha, 46		48891	KARRANTZA HARANA		946 806 716			kulturetxea@karrantza.org							accesible	no_accesible 	no_accesible			Publikoa	1984	Karrantzako Udala	Ayuntamiento		Libre 	Publico	General			SÍ			SÍ	SÍ	SÍ	SÍ	SÍ	SÍ	SÍ	SÍ	
Udal Liburutegia		ejgv_biblio		Biblioteca	Enderika auzoa, 10-1,		48315	KORTEZUBI		946 271 648			liburutegi.kortezubi@bizkaia.org							accesible	no_accesible	no_accesible			Publikoa	2009	Kortezubiko Udala	Ayuntamiento		Libre 	Publico	General			SÍ			SÍ			SÍ				SÍ	
Udal Liburutegia		ejgv_biblio		Biblioteca	San Martín, 11		1308	KRIPAN		653 740 737			kripan@aulastelematicas.com							accesible	no_accesible	no_accesible			Publikoa	1985	Kripango Udala	Ayuntamiento		Libre 	Publico	General			SÍ			SÍ			SÍ				SÍ	
Udal Liburutegia		ejgv_biblio		Biblioteca	Plaza de la Paz, s/n		1330	LABASTIDA		945-331810			aytolabastida@wanadoo.es							sin_datos	sin_datos	sin_datos			Publikoa			Ayuntamiento		Libre 	Publico	General														
Biblioteca Pública		ejgv_biblio		Biblioteca	Casa Garcetas	Mayor, 52	1300	LAGUARDIA		945 600 906			biblioteca@bibliolaguardia.e.telefonica.net							accesible	no_accesible	no_accesible			Publikoa	1920	Guardiako Udala	Ayuntamiento		Libre 	Publico	General			SÍ	SÍ	SÍ	SÍ		SÍ	SÍ		SÍ	SÍ	SÍ	
Udal Liburutegia		ejgv_biblio		Biblioteca	San Antonio, 6-8-10		1308	LANCIEGO		945 608 221			lanciego@aulastelematicas.com							accesible	accesible	no_accesible			Publikoa		Lantziegoko Udala	Ayuntamiento		Libre 	Publico	General			SÍ							SÍ	SÍ		SÍ	
Udal Liburutegia		ejgv_biblio		Biblioteca	Anguleri Kultur Etxea	Mikel Zarate, z/g	48195	LARRABETZU		94-4558271			liburutegi.larrabetzu@bizkaia.org							sin_datos	sin_datos	sin_datos			Publikoa			Ayuntamiento		Libre 	Publico	General														
Udal Liburutegia		ejgv_biblio		Biblioteca	San Esteban plaza, z/g		20159	LARRAUL		943-693042			larraul@udal.gipuzkoa.net							sin_datos	sin_datos	sin_datos			Publikoa			Ayuntamiento		Libre 	Publico	General														
Udal Liburutegia		ejgv_biblio		Biblioteca	Manuel Lekuona Kultur-Etxea	Geltoki plaza, 18	20160	LASARTE-ORIA		943 376 181			liburutegia@lasarte-oria.org							accesible	no_accesible	no_accesible			Publikoa	1986	Lasarte-Oriako Udala	Ayuntamiento		Libre 	Publico	General			SÍ		SÍ					SÍ				
Lauaxeta Udal Liburutegia		ejgv_biblio		Biblioteca	Lauaxeta enparantza, z/g		48111	LAUKIZ		946 151 063			liburutegia@laukiz.net							accesible	sin_datos	sin_datos			Publikoa	1986	Laukizko Udala	Ayuntamiento		Libre 	Publico	General			SÍ			SÍ			SÍ	SÍ	SÍ		SÍ	
Udal Liburutegia		ejgv_biblio		Biblioteca	Euskadiko enparantza, 1		20210	LAZKAO		943 088 080			liburutegia@lazkao.net							accesible	sin_datos	sin_datos			Publikoa	1987	Lazkaoko Udala	Ayuntamiento		Libre 	Publico	General			SÍ	SÍ		SÍ			SÍ	SÍ	SÍ			
Udal Liburutegia		ejgv_biblio		Biblioteca	Urrope plaza, 2 behea		20491	LEABURU		943 675 931			leaburu@udal.gipuzkoa.net							accesible	no_accesible	no_accesible			Publikoa	2006	Leaburu-Txamarako Udala	Ayuntamiento		Libre 	Publico	General			SÍ		SÍ				SÍ	SÍ			SÍ	
Udal Liburutegia		ejgv_biblio		Biblioteca	Latxartegi plaza, 3		20230	LEGAZPI		943 737 186			liburutegia.le@legazpi.net							accesible	accesible	no_accesible			Publikoa	1968	Legazpiko Udala	Ayuntamiento		Libre 	Publico	General			SÍ	SÍ	SÍ	SÍ	SÍ	SÍ	SÍ	SÍ	SÍ	SÍ	SÍ	
Udal Liburutegia		ejgv_biblio		Biblioteca	Patxi Ezkiaga Kultur Etxea	Eskolaldea auzoa, 2	20250	LEGORRETA		943 085 050			liburutegi.legorreta@euskalnet.net							accesible	no_accesible	no_accesible			Publikoa	1994	Legorretako Udala	Ayuntamiento		Libre 	Publico	General			SÍ		SÍ				SÍ	SÍ			SÍ	
Udal Liburutegia		ejgv_biblio		Biblioteca	Ortiz de Zarate plaza, z/g		1170	LEGUTIO		945-455296			liburutegi@legutiano.net							sin_datos	sin_datos	sin_datos			Publikoa			Ayuntamiento		Libre 	Publico	General														
Leioako Udal Liburutegia		ejgv_biblio		Biblioteca	Jose Ramon Aketxe plaza, 11		48940	LEIOA		946 072 574		http://www.bibliotecaspublicas.es/leioa/index.jsp	liburutegia@leioa.net							accesible	accesible	no_accesible			Publikoa	1987	Leioako Udala	Ayuntamiento		Libre 	Publico	General			SÍ	SÍ	SÍ	SÍ	SÍ	SÍ	SÍ	SÍ	SÍ	SÍ	SÍ	
Udal Liburutegia		ejgv_biblio		Biblioteca	Resurrección Mª Azkue, 5		48280	LEKEITIO		946 243 535		http://www.lekeitio.com/web/euskera/…	liburutegia@lekeitio.com							accesible	accesible	sin_datos			Publikoa	1966	Lekeitioko Udala	Ayuntamiento		Libre 	Publico	General			SÍ	SÍ	SÍ	SÍ			SÍ	SÍ	SÍ		SÍ	
Lemoako Udal Liburutegia		ejgv_biblio		Biblioteca	Arraibi auzoa, 1		48330	LEMOA		946 312 064		http://www.lemo.net/euskara/servicios/cultura/biblioteca/informacion.htm	liburutegialemoa@euskalnet.net							no_accesible	no_accesible	no_accesible			Publikoa	1989	Lemoako Udala	Ayuntamiento		Libre 	Publico	General			SÍ		SÍ			SÍ	SÍ	SÍ	SÍ		SÍ	
Lemoizko Kultur Etxea		ejgv_biblio		Biblioteca	Portubide kalea, 5		48260	LEMOIZ		946 879 037			lke@lemoiz.net							accesible	no_accesible	no_accesible			Publikoa	1997	Lemoizko Udala	Ayuntamiento		Libre 	Publico	General			SÍ						SÍ					
Udal Liburutegia		ejgv_biblio		Biblioteca	Aretxalde auzoa, 1		48196	LEZAMA		944 556 126		http://http://www.netvibes.com/lezamakoliburutegia	liburutegia@lezama.org							accesible	no_accesible	no_accesible			Publikoa	1992	Lezamako Udala	Ayuntamiento		Libre 	Publico	General			SÍ	SÍ	SÍ			SÍ	SÍ	SÍ	SÍ		SÍ	SÍ
Udal Liburutegia		ejgv_biblio		Biblioteca	Andreone	Kale Nagusia, 8	20100	LEZO		943 519 592		http://http://www.lezo.net/liburutegia	liburutegia.lezo@udal.gipuzkoa.net							accesible	no_accesible	no_accesible			Publikoa	1973	Lezoko Udala	Ayuntamiento		Libre 	Publico	General			SÍ	SÍ	SÍ				SÍ	SÍ		SÍ	SÍ	
Udal Liburutegia		ejgv_biblio		Biblioteca	Txirrita gudariaren plaza, 1		20490	LIZARTZA		943-682017			liburutegia.lizartza@udal.gipuzkoa.net							accesible	no_accesible	no_accesible			Publikoa	1995	Lizartzako Udala	Ayuntamiento		Libre 	Publico	General			SÍ						SÍ				SÍ	
Udal Liburutegia		ejgv_biblio		Biblioteca	Lamuza, 19		1400	LAUDIO-LLODIO		944 034 960			liburutegia@laudiokoudala.net							accesible	no_accesible	no_accesible			Publikoa	1981	Laudioko Udala	Ayuntamiento		Libre 	Publico	General			SÍ	SÍ					SÍ	SÍ	SÍ	SÍ		
Udal Liburutegia		ejgv_biblio		Biblioteca	Herriko enparantza, 3		48180	LOIU		94-4531951			loiu7@aytoloiu.euskalnet.net							sin_datos	sin_datos	sin_datos			Publikoa			Ayuntamiento		Libre 	Publico	General														
Arraia-Maeztuko Liburutegia		ejgv_biblio		Biblioteca	Plaza de la Iglesia, 1		1120	ARRAIA-MAEZTU		945-410033			aulatelematicamaestu@hotmail.com							sin_datos	sin_datos	sin_datos			Publikoa			Ayuntamiento		Libre 	Publico	General														
Udal Liburutegia		ejgv_biblio		Biblioteca	Intxaurti, z/g		48269	MALLABIA		943 176 691										accesible	no_accesible	no_accesible			Publikoa	1976	Mallabiko Udala	Ayuntamiento		Libre 	Publico	General			SÍ			SÍ				SÍ	SÍ		SÍ	
Kirikiño Udal Liburutegia		ejgv_biblio		Biblioteca	Kirikiño kalea, 10		48212	MAÑARIA		946 818 998			liburutegi.manaria@bizkaia.org							no_accesible	no_accesible	no_accesible			Publikoa	1989	Mañariako Udala	Ayuntamiento		Libre 	Publico	General			SÍ			SÍ			SÍ	SÍ	SÍ		SÍ	
Udal Liburutegia		ejgv_biblio		Biblioteca	Abesua, 12		48270	MARKINA-XEMEIN		94-6169047			biblioteka@markina-xemein.com							sin_datos	sin_datos	sin_datos			Publikoa			Ayuntamiento		Libre 	Publico	General														
Udal Liburutegia		ejgv_biblio		Biblioteca	Erdigune, 68		48112	MARURI-JATABE		944 046 116			kulturetxea@maruri-jatabe.net							accesible	sin_datos	sin_datos			Publikoa	2008	Maruri-Jatabeko Udala	Ayuntamiento		Libre 	Publico	General			SÍ			SÍ		SÍ	SÍ					
Mendaroko Udal Liburutegia		ejgv_biblio		Biblioteca	Herriko enparantza, 8		20850	MENDARO		943 033 291			liburutegi@mendaro.net							accesible	no_accesible	no_accesible			Publikoa	1987	Mendaroko Udala	Ayuntamiento		Libre 	Publico	General			SÍ						SÍ		SÍ		SÍ	
Udal Liburutegia		ejgv_biblio		Biblioteca	Jose Antonio Agirre, 1		48382	MENDATA		94-6167671			mendata2@euskalnet.net							sin_datos	sin_datos	sin_datos			Publikoa			Ayuntamiento		Libre 	Publico	General														
Meñakako Udal Liburutegia		ejgv_biblio		Biblioteca	Elias Agirre plaza, 3.	Mesterika auzoa	48120	MEÑAKA		946 156 110			liburutegi.menaka@bizkaia.org							accesible	no_accesible	no_accesible			Publikoa	1986	Meñakako Udala	Ayuntamiento		Libre 	Publico	General			SÍ		SÍ				SÍ	SÍ		SÍ	SÍ	
Udal Liburutegia		ejgv_biblio		Biblioteca	Las Cuevas, 2		1322	MOREDA DE ÁLAVA		945 601 893			amoreda.biblioteca@ayto.alava.net							accesible	no_accesible	no_accesible			Publikoa	1987	Ayuntamiento de Moreda de Álava	Ayuntamiento		Libre 	Publico	General			SÍ							SÍ	SÍ		SÍ	
Udal Liburutegia		ejgv_biblio		Biblioteca	Andra Mari auzoa, z/g		48115	MORGA		94-6252270			blandia.morga@bizkaia.org							sin_datos	sin_datos	sin_datos			Publikoa			Ayuntamiento		Libre 	Publico	General														
J. M. Etxeita Udal Liburutegia		ejgv_biblio		Biblioteca	Matadero, 1		48360	MUNDAKA		946 876 549		http://www.mundaka.org	liburutegi.mundaka@bizkaia.org							no_accesible	no_accesible	no_accesible			Publikoa	1965	Mundaka 	Ayuntamiento		Libre 	Publico	General			SÍ			SÍ			SÍ	SÍ	SÍ		SÍ	
Udal Liburutegia		ejgv_biblio		Biblioteca	Bekokale, 5		48100	MUNGIA		946 155 251		http://www.mungia.org	mungia.liburutegia@astiune.com							accesible	no_accesible	sin_datos			Publikoa	1982	Mungiako Udala	Ayuntamiento		Libre 	Publico	General			SÍ	SÍ	SÍ	SÍ			SÍ	SÍ	SÍ	SÍ	SÍ	
Udal Liburutegia		ejgv_biblio		Biblioteca	San Pedro plaza, z/g		48381	MUNITIBAR		94-6164007			bibliomunitibar@yahoo.es							sin_datos	sin_datos	sin_datos			Publikoa			Ayuntamiento		Libre 	Publico	General														
Zuiako Udal Liburutegia		ejgv_biblio		Biblioteca	Udaletxe plaza, 1		1130	ZUIA		945-430904			bibliotecazuia@telefonica.net							sin_datos	sin_datos	sin_datos			Publikoa			Ayuntamiento		Libre 	Publico	General														
Udal Liburutegia		ejgv_biblio		Biblioteca	Kultur Etxea	Cendeja, 29	48550	MUSKIZ		94-6707075			liburutegia@muskiz.com							sin_datos	sin_datos	sin_datos			Publikoa			Ayuntamiento		Libre 	Publico	General														
Udal Liburutegia		ejgv_biblio		Biblioteca	Zabiel Kultur Etxea	Erdiko kale, 28	20830	MUTRIKU		943-604182			liburutegia@mutriku.net							sin_datos	sin_datos	sin_datos			Publikoa			Ayuntamiento		Libre 	Publico	General														
Udal Liburutegia		ejgv_biblio		Biblioteca	Urretxindorra, 41		48392	MUXIKA		94-6252701			jagezuraga.muxika@bizkaia.org							sin_datos	sin_datos	sin_datos			Publikoa			Ayuntamiento		Libre 	Publico	General														
Udal Liburutegia		ejgv_biblio		Biblioteca	Elexalde auzoa		48312	NABARNIZ		94-6255077										sin_datos	sin_datos	sin_datos			Publikoa			Ayuntamiento		Libre 	Publico	General														
Iruña Okako Liburutegia		ejgv_biblio		Biblioteca	Milagros González, 1 bajo		1230	IRUÑA OKA		945 361 864			nanclares@ctv.es							no_accesible	no_accesible	no_accesible			Publikoa	1966	Ayuntamiento de Iruña de Oca	Ayuntamiento		Libre 	Publico	General			SÍ		SÍ	SÍ			SÍ	SÍ	SÍ	SÍ	SÍ	
M. Lekuona Liburutegia		ejgv_biblio		Biblioteca	Donibane, 11		20180	OIARTZUN		943-493864			biblioteka@oiartzun.org							sin_datos	sin_datos	sin_datos			Publikoa			Ayuntamiento		Libre 	Publico	General														
Udal Liburutegia		ejgv_biblio		Biblioteca	Plaza de la Iglesia, s/n		1409	OKONDO		945-898023										sin_datos	sin_datos	sin_datos			Publikoa			Ayuntamiento		Libre 	Publico	General														
Udal Liburutegia		ejgv_biblio		Biblioteca	J. M. Aristrain, 37 behea		20212	OLABERRIA		943 886 455			olaberria.liburutegia@infonegocio.com							sin_datos	sin_datos	sin_datos			Publikoa	1969	Olaberriko Udala	Ayuntamiento		Libre 	Publico	General			SÍ	SÍ					SÍ	SÍ	SÍ		SÍ	
Txomin Agirre Udal Liburutegia		ejgv_biblio		Biblioteca	Iñaki Deuna, 35 behea		48700	ONDARROA		946 833 343			liburutegia@ondarroakoudala.net							accesible	no_accesible	no_accesible			Publikoa	1965	Ondarroako Udala	Ayuntamiento		Libre 	Publico	General			SÍ	SÍ	SÍ			SÍ	SÍ	SÍ	SÍ	SÍ	SÍ	
Udal Liburutegia		ejgv_biblio		Biblioteca	Santa Marina, 1		20560	OÑATI		943 716 111		http://http://www.oinati.eu/udal-zerbitzuak/kultura/udal-liburutegia	liburutegia@oinati.net							accesible	no_accesible	no_accesible			Publikoa	1962	Oñatiko Udala	Ayuntamiento		Libre 	Publico	General			SÍ	SÍ	SÍ	SÍ		SÍ	SÍ	SÍ	SÍ	SÍ	SÍ	
Udal Liburutegia		ejgv_biblio		Biblioteca	Nikolas Lekuona, z/g		20240	ORDIZIA		943 805 635		http://www.ordizia.org	liburutegia@ordizia.org							no_accesible	no_accesible	no_accesible			Publikoa	1985	Ordiziako Udala	Ayuntamiento		Libre 	Publico	General			SÍ	SÍ	SÍ	SÍ			SÍ	SÍ	SÍ	SÍ	SÍ	
Udal Liburutegia		ejgv_biblio		Biblioteca	Eusko gudarien kalea, 26		20810	ORIO		943 134 409			orioliburutegia@terra.es							accesible	no_accesible	no_accesible			Publikoa	1975	Orioko Udala	Ayuntamiento		Libre 	Publico	General			SÍ		SÍ	SÍ			SÍ	SÍ			SÍ	
Udal Liburutegia		ejgv_biblio		Biblioteca	Gabirialde kalea, 14		20216	ORMAIZTEGI		943-889696			aitzibermurua@euskalnet.net							sin_datos	sin_datos	sin_datos			Publikoa			Ayuntamiento		Libre 	Publico	General														
Udal Liburutegia		ejgv_biblio		Biblioteca	Zubiaur plaza, z/g		48410	OROZKO		946 339 822			liburutegia.orozko@bizkaia.org							no_accesible	no_accesible	no_accesible			Publikoa	1980	Orozkoko Udala	Ayuntamiento		Libre 	Publico	General			SÍ						SÍ					
Udal Liburutegia		ejgv_biblio		Biblioteca	Mendialde, 13 - Entreplanta		48530	ORTUELLA		946 353 195			liburutegia.ortuella@bizkaia.org							no_accesible	no_accesible	no_accesible			Publikoa	1968	Ortuellako Udala	Ayuntamiento		Libre 	Publico	General			SÍ			SÍ	SÍ		SÍ	SÍ		SÍ	SÍ	
Udal Liburutegia		ejgv_biblio		Biblioteca	Plaza Nagusia, 6 - 2. A		48210	OTXANDIO		945 450 517			liburutegi.otxandio@bizkaia.org							no_accesible	no_accesible	no_accesible			Publikoa	1991	Otxandioko Udala	Ayuntamiento		Libre 	Publico	General			SÍ	SÍ	SÍ	SÍ			SÍ	SÍ			SÍ	SÍ
Udal Liburutegia		ejgv_biblio		Biblioteca	Fueros, 6 bajo		1320	OYÓN-OION		945 622 097			biblioteca@aytooion.e.telefonica.net							accesible	no_accesible	no_accesible			Publikoa	1983	Oyón-Oiongo Udala	Ayuntamiento		Libre 	Publico	General			SÍ		SÍ	SÍ			SÍ		SÍ	SÍ		
Barrundiako Udal Liburutegia		ejgv_biblio		Biblioteca	Boilar, 12		1206	BARRUNDIA		945 317 006		http://www.barrundia.net	abarrundia.liburutegia@ayto.alava.net							accesible	no_accesible	no_accesible			Publikoa	2009	Barrundiako Udala	Ayuntamiento		Libre 	Publico	General			SÍ						SÍ	SÍ		SÍ	SÍ	
Itxasmendi Udal Liburutegia		ejgv_biblio		Biblioteca	Donibane, 28		20110	PASAIA		943-523186			itxasmendiliburutegia@yahoo.es							sin_datos	sin_datos	sin_datos			Publikoa			Ayuntamiento		Libre 	Publico	General														
Pasai Antxoko Udal Liburutegia		ejgv_biblio		Biblioteca	Hamarretxeta, 15		20110	PASAIA		943 515 737			antxo.liburutegia@pasaia.net							accesible	no_accesible	no_accesible			Publikoa	1960	Pasaiako Udala	Ayuntamiento		Libre 	Publico	General			SÍ	SÍ		SÍ		SÍ	SÍ		SÍ		SÍ	
San Pedroko Liburutegia		ejgv_biblio		Biblioteca	Luis Morales Oliver plaza, z/g		20110	PASAIA		943-391358			spedro.liburutegia@pasaia.net							sin_datos	sin_datos	sin_datos			Publikoa			Ayuntamiento		Libre 	Publico	General														
Trintxerpeko Udal  Liburutegia		ejgv_biblio		Biblioteca	Euskadi etorbidea, z/g		20110	PASAIA		943 004 303			trintx.liburutegia@pasaia.net							sin_datos	sin_datos	sin_datos			Publikoa	1985	Pasaiako Udala	Ayuntamiento		Libre 	Publico	General			SÍ		SÍ								SÍ	SÍ
Udal Liburutegia		ejgv_biblio		Biblioteca	Plaza Fray Jacinto, 2		1211	PEÑACERRADA-URIZAHARRA		945-367004										sin_datos	sin_datos	sin_datos			Publikoa			Ayuntamiento		Libre 	Publico	General														
Plentziako Udal Liburutegia		ejgv_biblio		Biblioteca	Goinkale kalea, 25		48620	PLENTZIA		946 775 314		http://www.plentzia.org	plentziakoliburutegia@hotmail.com							accesible	accesible	no_accesible			Publikoa	1986	Plentziako Udala	Ayuntamiento		Libre 	Publico	General			SÍ	SÍ		SÍ	SÍ		SÍ	SÍ	SÍ	SÍ	SÍ	SÍ
Udal Liburutegia		ejgv_biblio		Biblioteca	Travesía Salazar, s/n		48920	PORTUGALETE		944 729 218			biblioteca@portugalete.org							accesible	sin_datos	sin_datos			Publikoa	1977	Portugaleteko Udala	Ayuntamiento		Libre 	Publico	General			SÍ	SÍ	SÍ	SÍ			SÍ	SÍ	SÍ		SÍ	
Udal Liburutegia		ejgv_biblio		Biblioteca	Real, 2		1423	AÑANA		945-359003										sin_datos	sin_datos	sin_datos			Publikoa			Ayuntamiento		Libre 	Publico	General														
Udal Liburutegia		ejgv_biblio		Biblioteca	El Ochavo, s/n		1307	SAMANIEGO		945 623 330			samaniego@aulastelematicas.com							accesible	no_accesible	no_accesible			Publikoa	1990	Samaniegoko Udala	Ayuntamiento		Libre 	Publico	General			SÍ				SÍ		SÍ	SÍ	SÍ	SÍ	SÍ	SÍ
La ViñasUdal Liburutegia		ejgv_biblio		Biblioteca	Bullón, 5 - bajo		48980	SANTURTZI		944 837 333		http://www.santurtzi.net/OCIOYCULTURA/REDDEBIBLIOTECASMUNICIPALES/tabid/64/Default.aspx	bibliotecavinas@santurtzi.net							accesible	no_accesible	no_accesible			Publikoa	1984	Ayuntamiento de Santurtzi	Ayuntamiento		Libre 	Publico	General			SÍ	SÍ	SÍ			SÍ	SÍ		SÍ	SÍ	SÍ	
Kabiezeseko Haur Liburutegia		ejgv_biblio		Biblioteca	Avda. Antonio Alzaga, 64		48980	SANTURTZI		944 838 232		http://www.santurtzi.net/OCIOYCULTURA/REDDEBIBLIOTECASMUNICIPALES/tabid/64/Default.aspx	biblioinfantilkabiezes@santurtzi.net							no_accesible	no_accesible	no_accesible			Publikoa	1991	Santurtziko Udala	Ayuntamiento		Libre 	Publico	General			SÍ					SÍ	SÍ		SÍ	SÍ		
Kabiezeseko Udal Liburutegia		ejgv_biblio		Biblioteca	Kabiezesko plaza, z/g		48980	SANTURTZI		944 934 370		http://www.santurtzi.net/OCIOYCULTURA/REDDEBIBLIOTECASMUNICIPALES/tabid/64/Default.aspx	bibliotecakabizes@santurtzi.net							accesible	no_accesible	no_accesible			Publikoa	2007	Santurtziko Udala	Ayuntamiento		Libre 	Publico	General			SÍ	SÍ	SÍ	SÍ		SÍ	SÍ		SÍ	SÍ	SÍ	
San Juan Udal Liburutegia		ejgv_biblio		Biblioteca	Juan Sebastián Elcano, 11- 13		48980	SANTURTZI		944 628 585		http://www.santurtzi.net/OCIOYCULTURA/REDDEBIBLIOTECASMUNICIPALES/tabid/64/Default.aspx	bibliotecasanjuan@santurtzi.net							no_accesible	no_accesible	no_accesible			Publikoa	1985	Santurtziko Udala	Ayuntamiento		Libre 	Publico	General			SÍ	SÍ	SÍ			SÍ	SÍ		SÍ	SÍ	SÍ	
Udal Liburutegi Nagusia		ejgv_biblio		Biblioteca	Plaza Juan José Mendizabal, s/n		48980	SANTURTZI		944 610 854		http://www.santurtzi.net/OCIOYCULTURA/REDDEBIBLIOTECASMUNICIPALES/tabid/64/Default.aspx	biblioteca@santurtzi.net							no_accesible	no_accesible	no_accesible			Publikoa	1973	Santurtziko Udala	Ayuntamiento		Libre 	Publico	General			SÍ	SÍ	SÍ	SÍ		SÍ	SÍ		SÍ	SÍ	SÍ	
Udal Liburutegia		ejgv_biblio		Biblioteca	Lardizabal, 5		20214	SEGURA		943-801046			seguraliburutegia@segulibu.e.telefonica.net							accesible	no_accesible	no_accesible			Publikoa	2003	Segurako Udala	Ayuntamiento		Libre 	Publico	General			SÍ		SÍ				SÍ	SÍ		SÍ	SÍ	
Udal Liburutegia		ejgv_biblio		Biblioteca	Plaza del Kasko, 3		48910	SESTAO		944 729 090										accesible	accesible	no_accesible			Publikoa	1966	Sestaoko Udala	Ayuntamiento		Libre 	Publico	General			SÍ	SÍ	SÍ	SÍ			SÍ		SÍ	SÍ	SÍ	
Udal Liburutegia		ejgv_biblio		Biblioteca	Plaza Goiri-Erdikoa, z/g		48150	SONDIKA		944 533 982			liburutegisondika@euskalnet.net							accesible	no_accesible				Publikoa	1986	Sondikako Udala	Ayuntamiento		Libre 	Publico	General			SÍ	SÍ		SÍ		SÍ	SÍ	SÍ	SÍ		SÍ	
Udal Liburutegia		ejgv_biblio		Biblioteca	Sabino Arana, 2 - 2.		48600	SOPELANA		944 065 508			liburutegia@sopelana.net							accesible	no_accesible	no_accesible			Publikoa	1990	Sopelanako Udala	Ayuntamiento		Libre 	Publico	General			SÍ	SÍ	SÍ	SÍ		SÍ	SÍ	SÍ		SÍ	SÍ	
Udal Liburutegia		ejgv_biblio		Biblioteca	La Baluga, 29		48190	SOPUERTA		946 104 762			liburutegia@aytosopuerta.euskalnet.net							no_accesible	no_accesible	no_accesible			Publikoa	1990	Sopuertako Udala	Ayuntamiento		Libre 	Publico	General			SÍ						SÍ	SÍ		SÍ	SÍ	SÍ
Udal Liburutegia		ejgv_biblio		Biblioteca	Baltegieta, 2		20590	SORALUZE		945 752 074			liburutegiasoraluze@gmail.com							accesible	no_accesible	no_accesible			Publikoa		Soraluzeko Udala	Ayuntamiento		Libre 	Publico	General			SÍ	SÍ	SÍ	SÍ			SÍ	SÍ	SÍ		SÍ	
Udal Liburutegia		ejgv_biblio		Biblioteca	Centro Socio Cultural		1110	CAMPEZO/KANPEZU		945-405482			aamizki@euskalnet.net							sin_datos	sin_datos	sin_datos			Publikoa			Ayuntamiento		Libre 	Publico	General														
Udal Liburutegia		ejgv_biblio		Biblioteca	Ander Deunaren enparantza, 5		48395	SUKARRIETA		94-6870715			maordorica.sukarrieta@bizkaia.org							sin_datos	sin_datos	sin_datos			Publikoa			Ayuntamiento		Libre 	Publico	General														
Errota Haur Liburutegia		ejgv_biblio		Biblioteca	Andre Maria plaza, 5		20400	TOLOSA		943-697461			haurliburutegia@tolosakoudala.net							sin_datos	sin_datos	sin_datos			Publikoa			Ayuntamiento		Libre 	Publico	General														
Udal Liburutegia		ejgv_biblio		Biblioteca	Andre Maria plaza, 4 - 5		20400	TOLOSA		943-697462			liburutegia@tolosakoudala.net							no_accesible	no_accesible	no_accesible			Publikoa	1977	Tolosako Udala	Ayuntamiento		Libre 	Publico	General			SÍ	SÍ	SÍ	SÍ			SÍ	SÍ	SÍ	SÍ	SÍ	
Udal Liburutegia		ejgv_biblio		Biblioteca	Lehendakari Agirre, 61		48880	TRUCIOS/TURTZIOZ		946 109 604			kulturetxeaturtzioz@gmail.com							accesible	no_accesible	no_accesible			Publikoa		Turtzioz-Truciosko Udala	Ayuntamiento		Libre 	Publico	General			SÍ						SÍ	SÍ	SÍ		SÍ	
Udal Liburutegia		ejgv_biblio		Biblioteca	Plazuela de los Tres Caños, 1		48490	UGAO-MIRABALLES		946 481 462			ugao-liburutegia@euskalerria.org							accesible					Publikoa	1986	Ugao-Miraballesko Udala	Ayuntamiento		Libre 	Publico	General			SÍ					SÍ	SÍ	SÍ	SÍ	SÍ	SÍ	
Udal Liburutegia		ejgv_biblio		Biblioteca	Aita Gotzon, 16 bis		48610	URDULIZ		946 76 36 31			uke@urduliz.net							accesible	accesible	no_accesible			Publikoa	1988	Urdulizko Udala	Ayuntamiento		Libre 	Publico	General			SÍ			SÍ			?	SÍ	SÍ		SÍ	
Licenciado Poza Udal Liburutegia		ejgv_biblio		Biblioteca	Andra Mari plaza, z/g		48460	URDUÑA-ORDUÑA		945 38 48 62			lvarela@urduna.org							accesible	no_accesible	no_accesible			Publikoa	1985	Urduñako Udala	Ayuntamiento		Libre 	Publico	General			SÍ	SÍ	SÍ	SÍ			SÍ	SÍ	SÍ		SÍ	
Udal Liburutegia		ejgv_biblio		Biblioteca	San Juan, z/g		20130	URNIETA		943-008340			liburu@urnieta.org							sin_datos	sin_datos	sin_datos			Publikoa			Ayuntamiento		Libre 	Publico	General														
Udal Liburutegia		ejgv_biblio		Biblioteca	Jauregi, 21		20700	URRETXU		943 03 80 91			liburutegia.ur@urretxu.net							accesible	no_accesible	sin_datos			Publikoa	1979	Urretxuko Udala	Ayuntamiento		Libre 	Publico	General			SÍ	SÍ	SÍ	SÍ	SÍ		SÍ	SÍ	SÍ			
Udal Liburutegia		ejgv_biblio		Biblioteca	Irazu kalea, 14		20170	USURBIL		943 360 692			biblioteka@usurbil.net							accesible	no_accesible	no_accesible			Publikoa	1989	Usurbilgo Udala	Ayuntamiento		Libre 	Publico	General			SÍ	SÍ	SÍ	SÍ		SÍ	SÍ	SÍ	SÍ	SÍ	SÍ	SÍ
Udal Liburutegia		ejgv_biblio		Biblioteca	Funikular, 12		48510	VALLE DE TRAPAGA-TRAPAGARAN		944 922 913		http://www.trapagaran.net/biblioteca/biblioteca.htm	biblioteca@trapagaran.net							accesible	no_accesible	no_accesible			Publikoa	1990	Trapagarango Udala	Ayuntamiento		Libre 	Publico	General			SÍ	SÍ	SÍ	SÍ	SÍ	SÍ	SÍ	SÍ	SÍ	SÍ	SÍ	
S. Insausti Udal Biblioteka		ejgv_biblio		Biblioteca	Erreboteko plaza, z/g		20150	VILLABONA		943 69 32 24			liburu.vill@udal.gipuzkoa.net							accesible	no_accesible	no_accesible			Publikoa	1982	Vitoria-Gasteizko Udala	Ayuntamiento		Libre 	Publico	General			SÍ	SÍ	SÍ	SÍ			SÍ	SÍ		SÍ	SÍ	SÍ
Udal Liburutegia		ejgv_biblio		Biblioteca	Villanueva de Valdegovía, 46		1426	VALDEGOVIA/GAUBEA		945-353033			biblioteca@valdegovia.com							sin_datos	sin_datos	sin_datos			Publikoa			Ayuntamiento		Libre 	Publico	General														
Abetxukoko Liburutegia		ejgv_biblio		Biblioteca	Cooperativa, s/n		1013	VITORIA-GASTEIZ		945 16 26 56		http://www.vitoria-gasteiz.org	bib.abetxuko@vitoria-gasteiz.org							accesible	accesible	sin_datos			Publikoa	1987	Vitoria-Gasteizko Udala	Ayuntamiento		Libre 	Publico	General			SÍ	SÍ					SÍ	SÍ		SÍ		
Aldabe Familia Liburutegia		ejgv_biblio		Biblioteca	Eulogio Serdán, 2		1012	VITORIA-GASTEIZ		945 16 19 30		http://www.vitoria-gasteiz.org	bibfam.aldabe@vitoria-gasteiz.org							accesible	accesible	sin_datos			Publikoa	1998	Vitoria-Gasteizko Udala	Ayuntamiento		Libre 	Publico	General			SÍ						SÍ	SÍ		SÍ		
Aldabe Liburutegia		ejgv_biblio		Biblioteca	Eulogio Serdán, 2		1012	VITORIA-GASTEIZ		945 16 19 30		http://www.vitoria-gasteiz.org	bib.aldabe@vitoria-gasteiz.org							accesible	accesible	sin_datos			Publikoa	1998	Vitoria-Gasteizko Udala	Ayuntamiento		Libre 	Publico	General			SÍ	SÍ		SÍ			SÍ	SÍ		SÍ		
Arana Liburutegia		ejgv_biblio		Biblioteca	Aragón, 5 		1003	VITORIA-GASTEIZ		945 161 734		http://www.vitoria-gasteiz.org	bib.arana@vitoria-gasteiz.org							accesible	accesible	sin_datos			Publikoa	1980	Vitoria-Gasteizko Udala	Ayuntamiento		Libre 	Publico	General			SÍ	SÍ		SÍ			SÍ	SÍ		SÍ		
Ariznabarra Liburutegia		ejgv_biblio		Biblioteca	Ariznabarra, 19		1007	VITORIA-GASTEIZ		945 16 26 50		http://www.vitoria-gasteiz.org	bib.ariznabarra@vitoria-gasteiz.org							accesible	accesible	sin_datos			Publikoa	1993	Vitoria-Gasteizko Udala	Ayuntamiento		Libre 	Publico	General			SÍ	SÍ		SÍ			SÍ	SÍ		SÍ		
Arriaga Familia Liburutegia		ejgv_biblio		Biblioteca	Francisco Javier Landaburu, Z/G		1010	VITORIA-GASTEIZ		945 16 17 70		http://www.vitoria-gasteiz.org	bibfam.arriaga@vitoria-gasteiz.org							accesible	accesible	sin_datos			Publikoa	1993	Vitoria-Gasteizko Udala	Ayuntamiento		Libre 	Publico	General			SÍ						SÍ	SÍ		SÍ		
Arriaga Liburutegia		ejgv_biblio		Biblioteca	Francisco Javier Landaburu, Z/G		1011	VITORIA-GASTEIZ		946 16 17 70		http://www.vitoria-gasteiz.org	bib.arriaga@vitoria-gasteiz.org							accesible	accesible	sin_datos			Publikoa	1993	Vitoria-Gasteizko Udala	Ayuntamiento		Libre 	Publico	General			SÍ	SÍ		SÍ			SÍ	SÍ		SÍ		
Hegoalde Familia Liburutegia		ejgv_biblio		Biblioteca	Alberto Schommer, z/g		1010	VITORIA-GASTEIZ		945 16 18 80		http://www.vitoria-gasteiz.org	bib.hegoalde@vitoria-gasteiz.org							accesible	accesible	sin_datos			Publikoa	1998	Vitoria-Gasteizko Udala	Ayuntamiento		Libre 	Publico	General			SÍ						SÍ	SÍ		SÍ		
Hegoalde Liburutegia		ejgv_biblio		Biblioteca	Alberto Schommer, z/g		1006	VITORIA-GASTEIZ		945 16 18 80		http://www.vitoria-gasteiz.org	bib.hegoalde@vitoria-gasteiz.org							accesible	accesible	sin_datos			Publikoa	1998	Vitoria-Gasteizko Udala	Ayuntamiento		Libre 	Publico	General			SÍ	SÍ		SÍ			SÍ	SÍ		SÍ		
Ibaiondo Familia Liburutegia		ejgv_biblio		Biblioteca	Landaberde, 31		1010	VITORIA-GASTEIZ		945 16 18 13		http://www.vitoria-gasteiz.org	bibfam.ibaiondo@vitoria-gasteiz.org							accesible	accesible	sin_datos			Publikoa	2010	Vitoria-Gasteizko Udala	Ayuntamiento		Libre 	Publico	General			SÍ						SÍ	SÍ		SÍ		
Ibaiondo Liburutegia		ejgv_biblio		Biblioteca	Landaberde, 31		1010	VITORIA-GASTEIZ		945 16 18 13		http://www.vitoria-gasteiz.org	bib.ibaiondo@vitoria-gasteiz.org							accesible	accesible	sin_datos			Publikoa	2010	Vitoria-Gasteizko Udala	Ayuntamiento		Libre 	Publico	General			SÍ	SÍ		SÍ			SÍ	SÍ		SÍ		
Iparralde Familia Liburutegia		ejgv_biblio		Biblioteca	Zuberoa plaza, z/g		1002	VITORIA-GASTEIZ		945 161 750		http://www.vitoria-gasteiz.org	bibfam.iparralde@vitoria-gasteiz.org							accesible	accesible	sin_datos			Publikoa	1989	Vitoria-Gasteizko Udala	Ayuntamiento		Libre 	Publico	General			SÍ						SÍ	SÍ		SÍ		
Iparralde Liburutegia		ejgv_biblio		Biblioteca	Zuberoa plaza, z/g		1002	VITORIA-GASTEIZ		945 161 750  		http://www.vitoria-gasteiz.org	bib.iparralde@vitoria-gasteiz.org							accesible	accesible	sin_datos			Publikoa	1989	Vitoria-Gasteizko Udala	Ayuntamiento		Libre 	Publico	General			SÍ	SÍ		SÍ			SÍ	SÍ		SÍ		
Judimendi Familia Liburutegia		ejgv_biblio		Biblioteca	Avda. Judimendi, s/n		1003	VITORIA-GASTEIZ		945 161 740		http://www.vitoria-gasteiz.org	bibfam.judimendi@vitoria-gasteiz.org							accesible	accesible	sin_datos			Publikoa	1989	Vitoria-Gasteizko Udala	Ayuntamiento		Libre 	Publico	General			SÍ						SÍ	SÍ		SÍ		
Judimendi Liburutegia		ejgv_biblio		Biblioteca	Avda. Judimendi, s/n		1003	VITORIA-GASTEIZ		945 161 740 		http://www.vitoria-gasteiz.org	bib.judimendi@vitoria-gasteiz.org							accesible	accesible	sin_datos			Publikoa	1989	Vitoria-Gasteizko Udala	Ayuntamiento		Libre 	Publico	General			SÍ	SÍ		SÍ			SÍ	SÍ		SÍ		
Lakua Familia Liburutegia		ejgv_biblio		Biblioteca	Senda de los Echanove, s/n		1010	VITORIA-GASTEIZ		945 162 630 (Ext. 3768)		http://www.vitoria-gasteiz.org	bibfam.lakua@vitoria-gasteiz.org							accesible	accesible	sin_datos			Publikoa	1997	Vitoria-Gasteizko Udala	Ayuntamiento		Libre 	Publico	General			SÍ						SÍ	SÍ		SÍ		
Lakua Liburutegia 		ejgv_biblio		Biblioteca	Senda de los Echanove, s/n		1010	VITORIA-GASTEIZ		945 16 26 30		http://www.vitoria-gasteiz.org	bib.lakua@vitoria-gasteiz.org							accesible	accesible	sin_datos			Publikoa	1997	Vitoria-Gasteizko Udala	Ayuntamiento		Libre 	Publico	General			SÍ	SÍ		SÍ			SÍ	SÍ		SÍ		
Pilar Familia Liburutegia		ejgv_biblio		Biblioteca	Konstituzio plaza, 5		1012	VITORIA-GASTEIZ		945 16 12 33		http://www.vitoria-gasteiz.org	bibfam.elpilar@vitoria-gasteiz.org							accesible	accesible	sin_datos			Publikoa	2006	Vitoria-Gasteizko Udala	Ayuntamiento		Libre 	Publico	General			SÍ						SÍ	SÍ		SÍ		
Pilar Liburutegia		ejgv_biblio		Biblioteca	Konstituzio plaza, 5		1012	VITORIA-GASTEIZ		945 16 12 33		http://www.vitoria-gasteiz.org	bib.elpilar@vitoria-gasteiz.org							accesible	accesible	sin_datos			Publikoa	2006	Vitoria-Gasteizko Udala	Ayuntamiento		Libre 	Publico	General			SÍ	SÍ		SÍ			SÍ	SÍ		SÍ	SÍ	
Udal Liburutegia		ejgv_biblio		Biblioteca	Euskal Herria, 5 - behea		48250	ZALDIBAR		94-6225415			liburutegia@zaldibar.org							accesible	no_accesible	no_accesible			Publikoa	1972	Zaldibarko Udala	Ayuntamiento		Libre 	Publico	General			SÍ	SÍ	SÍ	SÍ		SÍ	SÍ	SÍ			SÍ	
Udal Liburutegia		ejgv_biblio		Biblioteca	Santa Fe kalea, 24		20247	ZALDIBIA		943-160338			kulturazaldibia@infonegocio.com							accesible	sin_datos	sin_datos			Publikoa	1985	Zaldibiako Udala	Ayuntamiento		Libre 	Publico	General			SÍ		SÍ				SÍ	SÍ	SÍ		SÍ	SÍ
Udal Liburutegia		ejgv_biblio		Biblioteca	Euskadi plaza, 9		48860	ZALLA		94-6390837			liburutegia@zalla.org							sin_datos	sin_datos	sin_datos			Publikoa	1997	Zallako Udala	Ayuntamiento		Libre 	Publico	General			SÍ	SÍ	SÍ	SÍ	SÍ		SÍ	SÍ	SÍ	SÍ	SÍ	
Udal Liburutegia		ejgv_biblio		Biblioteca	Ayuntamiento, 1		1212	ZAMBRANA		945-337014			lorenallana@cuadrilladeanana.es							sin_datos	sin_datos	sin_datos			Publikoa			Ayuntamiento		Libre 	Publico	General														
Udal Liburutegia		ejgv_biblio		Biblioteca	Zamudiotorre. Elexalde, 2		48170	ZAMUDIO		94-4520204			udalliburutegia@zamudiokoudala.net							accesible	accesible	no_accesible			Publikoa	1996	Zamudioko Udala	Ayuntamiento		Libre 	Publico	General			SÍ	SÍ	SÍ	SÍ		SÍ	SÍ	SÍ	SÍ		SÍ	SÍ
Arkotxako Liburutegia		ejgv_biblio		Biblioteca	Arkotxa, 16 behea		48480	ZARATAMO		94-4566363			biblioarkotxa@hotmail.com							no_accesible	no_accesible	no_accesible			Publikoa	1969	Zaratamoko Udala	Ayuntamiento		Libre 	Publico	General			SÍ								SÍ			
Moiordingo Liburutegia		ejgv_biblio		Biblioteca	Moiordin auzoa, z/g		48480	ZARATAMO		94-6710052										sin_datos	sin_datos	sin_datos			Publikoa			Ayuntamiento		Libre 	Publico	General														
Sanz Enea Udal Liburutegia		ejgv_biblio		Biblioteca	Nafarroa kalea, 22		20800	ZARAUTZ		943-005130		http://www.kulturazarautz.org	liburutegia@zarautz.org							accesible	no_accesible	no_accesible			Publikoa	1975	Zarautzko Udala	Ayuntamiento		Libre 	Publico	General			SÍ	SÍ	SÍ	SÍ	SÍ	SÍ	SÍ	SÍ	SÍ	SÍ	SÍ	
Udal Liburutegia		ejgv_biblio		Biblioteca	Arregia, z/g		48144	ZEANURI		94-6317357			aintxaurza.zeanuri@bizkaia.org							sin_datos	sin_datos	sin_datos			Publikoa			Ayuntamiento		Libre 	Publico	General														
Udal Liburutegia		ejgv_biblio		Biblioteca	Zubialde auzoa, 10		48499	ZEBERIO		697 101976			liburutegia.zeberio@bizkaia.org							sin_datos	sin_datos	sin_datos			Publikoa			Ayuntamiento		Libre 	Publico	General														
Udal Liburutegia		ejgv_biblio		Biblioteca	Olaran 1 behea		20215	ZEGAMA		943 80 21 37			zegaliburutegi@terra.es							accesible	no_accesible	accesible			Publikoa	2001	Zegamako Udala	Ayuntamiento		Libre 	Publico	General			SÍ		SÍ	SÍ		SÍ	SÍ	SÍ	SÍ	SÍ	SÍ	
Udal Liburutegia		ejgv_biblio		Biblioteca	Herriko plaza, z/g		20214	ZERAIN		943-801724			zerain@udal.gipuzkoa.net							sin_datos	sin_datos	sin_datos			Publikoa			Ayuntamiento		Libre 	Publico	General														
Udal Liburutegia		ejgv_biblio		Biblioteca	Portale kalea, 1 - B		20740	ZESTOA		943-147816			liburutegia@zestoa.net							accesible	no_accesible	no_accesible			Publikoa	1986	Zestoako Udala	Ayuntamiento		Libre 	Publico	General			SÍ	SÍ		SÍ			SÍ		SÍ	SÍ	SÍ	
Kultur Etxea - Liburutegia		ejgv_biblio		Biblioteca	San Román, 6 - B		48508	ZIERBENA		946 366 007			kultura@zierbena.net							accesible	no_accesible	no_accesible			Publikoa		Zierbenako Udala	Ayuntamiento		Libre 	Publico	General			SÍ		SÍ	SÍ			SÍ	SÍ	SÍ		SÍ	
Udal Liburutegia		ejgv_biblio		Biblioteca	Pasus plaza, 13		20150	ZIZURKIL		943-693554			liburutegiazizurkil@gmail.com							sin_datos	sin_datos	sin_datos			Publikoa			Ayuntamiento		Libre 	Publico	General														
Kuartangoko Liburutegia		ejgv_biblio		Biblioteca	Centro Social de Zuhatzu		1430	KUARTANGO		945 362 600			acuartango.begona@ayto.alava.net							accesible	no_accesible	no_accesible			Publikoa	2006	Kuartangoko Udala	Ayuntamiento		Libre 	Publico	General			SÍ		SÍ	SÍ			SÍ		SÍ	SÍ		
Udal Liburutegia		ejgv_biblio		Biblioteca	Odieta, 2		20750	ZUMAIA		943-862730			liburutegia@zumaia.net							sin_datos	sin_datos	sin_datos			Publikoa			Ayuntamiento		Libre 	Publico	General														
Udal Liburutegia		ejgv_biblio		Biblioteca	Zelai-Arizti Kultur Etxea	Legazpi, 7	20700	ZUMARRAGA		943-723156		http://www.zelaiarizti.com	liburutegia@zumarraga.net							accesible	no_accesible	no_accesible			Publikoa	1986	Zumarragako Udala	Ayuntamiento		Libre 	Publico	General			SÍ	SÍ	SÍ	SÍ	SÍ		SÍ	SÍ	SÍ 	SÍ	SÍ	
