titulo	slug	entidad_origen	codigo_origen	categoria	direccion	cp	poblacion	descripcion	telefono	fax	url	foto	latitud	longitud	foto_x	foto_x_titulo	foto_x_alt	itinerarios	acces_fisica	acces_visual	acces_auditiva	acces_intelectual	acces_organica	imagen_titulo	imagen_alt	tipo_biblio	año_inicio	institucion	tipo_institucion	codigo_portal	horarios	tipo_acceso	tipo_centro	tematica	servicios	snbe	snbe_url	bilgunea	bilgunea_url	bilgunea_fecha	acess_itinerario	acces_url_ficha	
Vitoria-Gasteiz		Consultrans	0101VITO	estacion-tren	Eduardo Dato Kalea, 46	01005	Vitoria-Gasteiz	Línea Regional de RENFE que une Vitoria-Gasteiz con Pamplona.			http://www.adif.es/								Practicable	Practicable	Practicable	Sin datos	Sin datos																		Itinerario peatonal accesible.	http://argitalpen.ararteko.net/ac_v/PDF/85_vitoria.pdf	
Alegria-Dulantzi		Consultrans	0101ALEG	estacion-tren	Ramal de la Estación	01240	Alegria-Dulantzi	Línea Regional de RENFE que une Vitoria-Gasteiz con Pamplona.			http://www.adif.es/								Inaccesible	Inaccesible	Inaccesible	Sin datos	Sin datos																		Hay una rampa de acceso totalmente funcional. La estación se sitúa en las afueras del municipio con la necesidad de acceder en coche. Se entra por un lateral. Edificio cerrado.	http://argitalpen.ararteko.net/ac_v/PDF/86_alegria_dulantzi.pdf	
Agurain		Consultrans	0101AGUR	estacion-tren	C/ Trebiño, S/N	01200	Salvatierra	Línea Regional de RENFE que une Vitoria-Gasteiz con Pamplona.			http://www.adif.es/								Inaccesible	Inaccesible	Inaccesible	Sin datos	Sin datos																		El acceso se materializa a través de un tramo de escaleras por un lateral de la estación. Hay una rampa que no resulta funcional. 	http://argitalpen.ararteko.net/ac_v/PDF/87_agurain.pdf	
Araia		Consultrans	0101ARAI	estacion-tren	C/ Estación, S/N	01250	Asparrena	Línea Regional de RENFE que une Vitoria-Gasteiz con Pamplona.			http://www.adif.es/								Inaccesible	Inaccesible	Inaccesible	Sin datos	Sin datos																		El acceso se materializa a través de un tramo de escaleras por un lateral de la estación. Hay una rampa de acceso que no resulta funcional. 	http://argitalpen.ararteko.net/ac_v/PDF/88_araia.pdf	
Abando Indalecio Prieto		Consultrans	0201ABAN	estacion-tren	Plaza Circular, 2	48008	Bilbao	Línea C-1 de RENFE, entre Bilbao y Santurtzi.  Presta servicios de Cercanías, Regionales e Internacionales.			http://www.adif.es/								Practicable	Accesible	Accesible	Sin datos	Sin datos																		El acceso principal tiene una pequeña rampa en la entrada con pasamanos acondicionado.	http://argitalpen.ararteko.net/ac_v/PDF/32_bilbao_abando.pdf	
Zabalburu		Consultrans	0201ZABA	estacion-tren	C/ Juan de Garay, 9	48003	Bilbao	Línea C-1 de RENFE, entre Bilbao y Santurtzi.  Presta servicios de Cercanías.			http://www.adif.es/								Inaccesible	Practicable	Practicable	Sin datos	Sin datos																		A la estación se accede por una pasarela elevada sobre las vías. Uno de los accesos está a nivel de la calle. El otro se comunica con la pasarela por una rampa de anchura adecuada, pero de pendiente pronunciada sin pasamanos de asistencia.	http://argitalpen.ararteko.net/ac_v/PDF/33_zabalburu.pdf	
Ametzola		Consultrans	0201AMET	estacion-tren	C/ Gordoniz, 49	48002	Bilbao	Línea C-1 de RENFE, entre Bilbao y Santurtzi. Presta servicios de Cercanías.			http://www.adif.es/								Inaccesible 	Practicable	Practicable	Sin datos	Sin datos																		Los itinerarios peatonales de acceso cuentan con pasos rebajados.	http://argitalpen.ararteko.net/ac_v/PDF/34_ametzola.pdf	
Autonomia		Consultrans	0201AUTO	estacion-tren	C/ Autonomía, 72	48012	Bilbao	Línea C-1 de RENFE, entre Bilbao y Santurtzi. Presta servicios de Cercanías.			http://www.adif.es/								Inaccesible 	Practicable	Practicable	Sin datos	Sin datos																		El acceso principal está a nivel respecto de la calle.	http://argitalpen.ararteko.net/ac_v/PDF/35_autonomia.pdf	
San Mamés		Consultrans	0201SANM	estacion-tren	C/ Luis Briñas, 23	48013	Bilbao	Línea C-1 de RENFE, entre Bilbao y Santurtzi. Presta servicios de Cercanías.			http://www.adif.es/								Inaccesible 	Practicable	Practicable	Sin datos	Sin datos																		Se puede acceder tanto en ascensor como mediante escaleras.	http://argitalpen.ararteko.net/ac_v/PDF/36_san_mames.pdf	
Olabeaga		Consultrans	0201OLAB	estacion-tren	Camino de Ventosa, 23	48013	Bilbao	Línea C-1 de RENFE, entre Bilbao y Santurtzi. Presta servicios de Cercanías.			http://www.adif.es/								Inaccesible	Inaccesible	Practicable	Sin datos	Sin datos																		El acceso al andén se realiza a través de un paso subterráneo con tramos de escaleras.	http://argitalpen.ararteko.net/ac_v/PDF/37_olabeaga.pdf	
Zorrotza		Consultrans	0201ZORR	estacion-tren	Estación Zorrotza Geltoki, 8	48013	Bilbao	Línea C-1 de RENFE, entre Bilbao y Santurtzi. Presta servicios de Cercanías.			http://www.adif.es/								Inaccesible	Inaccesible	Practicable	Sin datos	Sin datos																		El acceso peatonal transcurre a través de tramos de escaleras con rampas alternativas no acondicionadas. Hay un primer tramo de rampa sin barandilla ni ningún tipo de apoyo. El tramo siguiente solo tiene barandilla a un lado.	http://argitalpen.ararteko.net/ac_v/PDF/38_zorrotza.pdf	
Lutxana		Consultrans	0201LUTX	estacion-tren	C/ Obispo Padre Olaetxea, 39	48903	Barakaldo	Línea C-1 de RENFE, entre Bilbao y Santurtzi. Presta servicios de Cercanías.			http://www.adif.es/								Inaccesible	Inaccesible	Inaccesible	Sin datos	Sin datos																		El acceso peatonal se realiza a través de un recorrido inseguro en una zona de tráfico intenso (aceras estrechas). Rampas de acceso no acondicionadas. 	http://argitalpen.ararteko.net/ac_v/PDF/39_lutxana.pdf	
Desertu-Barakaldo		Consultrans	0201BARA	estacion-tren	c/ Plaza del Desierto	48903	Barakaldo	Línea C-1 de RENFE, entre Bilbao y Santurtzi. Presta servicios de Cercanías.			http://www.adif.es/								Inaccesible	Inaccesible	Practicable	Sin datos	Sin datos																		La estación tiene diferentes entradas, pero cuenta con un acceso a nivel e itinerario peatonal accesible. El otro acceso a la estación se materializa a través de una rampa con peralte y sin pasamanos de asistencia.	http://argitalpen.ararteko.net/ac_v/PDF/40_barakaldo.pdf	
Sestao		Consultrans	0201SEST	estacion-tren	C/ Rivas, 72	48910	Sestao	Línea C-1 de RENFE, entre Bilbao y Santurtzi. Presta servicios de Cercanías.			http://www.adif.es/								Inaccesible	Inaccesible	Practicable	Sin datos	Sin datos																		El acceso a la estación es diáfano y a nivel de la calle. Hay un pequeño escalón en la entrada del vestíbulo.	http://argitalpen.ararteko.net/ac_v/PDF/41_sestao.pdf	
La Iberia		Consultrans	0201IBER	estacion-tren	C/ La Iberia, 29	48910	Sestao	Línea C-1 de RENFE, entre Bilbao y Santurtzi. Presta servicios de Cercanías.			http://www.adif.es/								Inaccesible	Inaccesible	Inaccesible	Sin datos	Sin datos																		El itinerario peatonal es muy complicado ya que discurre por tramos en pendiente, escaleras y pasos estrechos. Hay un escalón que dificulta la entrada al vestíbulo principal.	http://argitalpen.ararteko.net/ac_v/PDF/42_la_iberia.pdf	
Portugalete		Consultrans	0201PORT	estacion-tren	C/ Manuel Calvo, 32	48920	Portugalete	Línea C-1 de RENFE, entre Bilbao y Santurtzi. Presta servicios de Cercanías.			http://www.adif.es/								Inaccesible	Inaccesible	Practicable	Sin datos	Sin datos																		El itinerario peatonal de acceso atraviesa una zona de estacionamiento de vehículos que puede provocar inseguridad en la PMR. Acceso diáfano.	http://argitalpen.ararteko.net/ac_v/PDF/43_portugalete.pdf	
Peñota		Consultrans	0201PEÑO	estacion-tren	C/ Peñota, S/N	48980	Santurtzi	Línea C-1 de RENFE, entre Bibao y Santurtzi. Presta servicios de Cercanías.			http://www.adif.es/								Inaccesible	Inaccesible	Inaccesible	Sin datos	Sin datos																		El itinerario no cuenta con rebaje en el paso peatonal. La rampa no está adaptada. Mucha pendiente, sin pasamanos de asistencia.	http://argitalpen.ararteko.net/ac_v/PDF/44_lapeñota.pdf	
Santurtzi		Consultrans	0201SANT	estacion-tren	Santurtzi Parkea, S/N	48980	Santurtzi	Línea C-1 de RENFE, entre Bilbao y Santurtzi. Presta servicios de Cercanías.			http://www.adif.es/								Inaccesible 	Practicable	Practicable	Sin datos	Sin datos																		Se accede a través una rampa en la entrada secundaria. El acceso principal tiene escalones en la entrada.	http://argitalpen.ararteko.net/ac_v/PDF/45_santurtzi.pdf	
Galindo		Consultrans	0201GALI	estacion-tren	C/ Vía Galindo, S/N	48910	Sestao	Línea C-2 de RENFE, entre Bilbao y Muskiz. Presta servicios de Cercanías.			http://www.adif.es/								Inaccesible	Inaccesible	Inaccesible	Sin datos	Sin datos																		Acceso a pie desde la autovía. Itinerario peligroso con intenso tráfico de vehículos. La única manera de bajar al andén es mediante escaleras.	http://argitalpen.ararteko.net/ac_v/PDF/46_galindo.pdf	
Trápaga		Consultrans	0201TRAP	estacion-tren		48510	Valle de Trápaga	Línea C-2 de RENFE, entre Bilbao y Muskiz.  Presta servicios de Cercanías.			http://www.adif.es/								Inaccesible	Inaccesible	Practicable	Sin datos	Sin datos																		Existe una rampa de acceso, pero no tiene barandilla a los lados.	http://argitalpen.ararteko.net/ac_v/PDF/47_trapaga.pdf	
Valle de Trápaga/Trapagaran		Consultrans	0201VTRA	estacion-tren	Paseo Estación, 11	48510	Valle de Trápaga	Línea C-2 de RENFE, entre Bilbao y Muskiz. Presta servicios de Cercanías.			http://www.adif.es/								Inaccesible	Inaccesible	Inaccesible	Sin datos	Sin datos																		El itinerario peatonal transita por la zona de estacionamiento de vehículos. Se accede mediante escaleras. Está en obras.	http://argitalpen.ararteko.net/ac_v/PDF/48_valle_trapaga.pdf	
Urioste		Consultrans	0201URIO	estacion-tren	Barrio Urioste, S/N	48530	Ortuella	Línea C-2 de RENFE, entre Bilbao y Muskiz. Presta servicios de Cercanías.			http://www.adif.es/								Inaccesible	Inaccesible	Practicable	Sin datos	Sin datos																		Existen rampas de gran anchura, pero con pendiente muy elevada.	http://argitalpen.ararteko.net/ac_v/PDF/49_urioste.pdf	
Sagrada Familia		Consultrans	0201SAGR	estacion-tren	C/ Catalina Gibaja, S/N	48530	Ortuella	Línea C-2 de RENFE, entre Bilbao y Muskiz. Presta servicios de Cercanías.			http://www.adif.es/								Inaccesible	Inaccesible	Practicable	Sin datos	Sin datos																		Dispone de rampas de acceso, que desembocan en tramos de escaleras.	http://argitalpen.ararteko.net/ac_v/PDF/50_sagradafamilia.pdf	
Ortuella		Consultrans	0201ORTU	estacion-tren	Avenida Estación, 93	48530	Ortuella	Línea C-2 de RENFE, entre Bilbao y Muskiz. Presta servicios de Cercanías.			http://www.adif.es/								Inaccesible	Inaccesible	Practicable	Sin datos	Sin datos																		Existen rampas adaptadas, pero hasta llegar a ellas hay un camino estrecho y con el pavimento en mal estado. Acceso diáfano.	http://argitalpen.ararteko.net/ac_v/PDF/51_ortuella.pdf	
Gallarta		Consultrans	0201GALL	estacion-tren	Avenida Minero / Meatzari Etorbidea, S/N	48500	Abanto-Zierbena	Línea C-2 de RENFE, entre Bilbao y Muskiz. Presta servicios de Cercanías.			http://www.adif.es/								Inaccesible	Inaccesible	Practicable	Sin datos	Sin datos																		Se accede a través de una rampa de gran pendiente, totalmente impracticable.	http://argitalpen.ararteko.net/ac_v/PDF/52_gallarta.pdf	
Putxeta		Consultrans	0201PUTX	estacion-tren	Barrio Putxeta, 17	48500	Abanto-Zierbena	Línea C-2 de RENFE, entre Bilbao y Muskiz. Presta servicios de Cercanías.			http://www.adif.es/								Inaccesible	Inaccesible	Practicable	Sin datos	Sin datos																		Existe una rampa, pero no tiene barandilla ni pavimento adecuado. 	http://argitalpen.ararteko.net/ac_v/PDF/53_putxeta.pdf	
Muskiz		Consultrans	0201MUSK	estacion-tren	C/ Estación, 13	48550	Muskiz	Línea C-2 de RENFE, entre Bilbao y Muskiz. Presta servicios de Cercanías.			http://www.adif.es/								Inaccesible	Inaccesible	Practicable	Sin datos	Sin datos																		El acceso peatonal se materializa a través de una acera estrecha que discurre próxima a una vía con tráfico de vehículos.Se accede a través de escaleras o de una rampa lateral que no cuenta con barandilla a ambos lados.	http://argitalpen.ararteko.net/ac_v/PDF/54_muskiz.pdf	
Miribilla		Consultrans	0201MIRI	estacion-tren	Jardín Gernika Lorategia, S/N	48003	Bilbao	Línea C-3 de RENFE, entre Bilbao y Orduña. Presta servicios de Cercanías.			http://www.adif.es/								Inaccesible	Accesible	Practicable	Sin datos	Sin datos																		Itinerario peatonal acondicionado. Se accede a través de un gran espacio diáfano.	http://argitalpen.ararteko.net/ac_v/PDF/55_miribilla.pdf	
La Peña		Consultrans	0201PEÑA	estacion-tren	C/ Lekanda, S/N	48003	Bilbao	Línea C-3 de RENFE, entre Bilbao y Orduña. Presta servicios de Cercanías.			http://www.adif.es/								Inaccesible	Practicable	Practicable	Sin datos	Sin datos																		El itinerario de acceso está en pendiente. No tiene barandilla a los lados, pero puede resultar funcional. 	http://argitalpen.ararteko.net/ac_v/PDF/56_lapena.pdf	
Ollargan		Consultrans	0201OLLA	estacion-tren	C/ Santa Isabel, 54	48003	Bilbao	Línea C-3 de RENFE, entre Bilbao y Orduña. Presta servicios de Cercanías.			http://www.adif.es/								Inaccesible	Inaccesible	Inaccesible	Sin datos	Sin datos																		El itinerario de acceso es estrecho, el pavimento está en mal estado y hay escalones.	http://argitalpen.ararteko.net/ac_v/PDF/57_ollargan.pdf	
Bidebieta Basauri		Consultrans	0201BIDE	estacion-tren	C/ Piru Gainza, 11	48970	Basauri	Línea C-3 de RENFE, entre Bilbao y Orduña. Presta servicios de Cercanías.			http://www.adif.es/								Inaccesible	Inaccesible	Practicable	Sin datos	Sin datos																		El itineario peatonal no está acondicionado. Las aceras son estrechas, los coches aparcan sobre ellas.	http://argitalpen.ararteko.net/ac_v/PDF/58_bidebieta-basauri.pdf	
Abaroa-San Miguel		Consultrans	0201ABAR	estacion-tren	C/ Ugarte, 1	48970	Basauri	Línea C-3 de RENFE, entre Bilbao y Orduña. Presta servicios de Cercanías.			http://www.adif.es/								Inaccesible 	Inaccesible	Practicable	Sin datos	Sin datos																		El itinerario peatonal transita por una carretera. Tiene una rampa de pendiente pronunciada, pero practicable.	http://argitalpen.ararteko.net/ac_v/PDF/59_abaroa.pdf	
Basauri		Consultrans	0201BASA	estacion-tren	C/ Uriarte Auzoa, S/N	48970	Basauri	Línea C-3 de RENFE, entre Bilbao y Orduña. Presta servicios de Cercanías.			http://www.adif.es/								Inaccesible	Inaccesible	Inaccesible	Sin datos	Sin datos																		Ititnerario peatonal totalmente inaccesible. Pavimento en mal estado, rampas muy pronunciadas.	http://argitalpen.ararteko.net/ac_v/PDF/60_basauri.pdf	
Arrigorriaga		Consultrans	0201ARRI	estacion-tren	Paseo Urgoiti, 4-6	48480	Arrigorriaga	Línea C-3 de RENFE, entre Bilbao y Orduña. Presta servicios de Cercanías.			http://www.adif.es/								Inaccesible	Inaccesible	Practicable	Sin datos	Sin datos																		Existen varios accesos a la estación que se materializan a través de tramos de escaleras y rampas de pendiente pronunciada. 	http://argitalpen.ararteko.net/ac_v/PDF/70_arrigorriaga.pdf	
Ugao-Miraballes		Consultrans	0201UGAO	estacion-tren	C/ Torre de Ugao, 53	48490	Ugao-Miraballes	Línea C-3 de RENFE, entre Bilbao y Orduña. Presta servicios de Cercanías.			http://www.adif.es/								Inaccesible	Inaccesible	Practicable	Sin datos	Sin datos																		El itinerario peatonal es inaccesible. El acceso se realizan a través de escaleras o vía rampas con pavimento en mal estado y de gran pendiente. 	http://argitalpen.ararteko.net/ac_v/PDF/71_ugao_miraballes.pdf	
Bakiola		Consultrans	0201BAKI	estacion-tren		48499	Arrankudiaga	Línea C-3 de RENFE, entre Bilbao y Orduña. Presta servicios de Cercanías.			http://www.adif.es/								Inaccesible	Inaccesible	Inaccesible	Sin datos	Sin datos																		El entorno es industrial con un acceso peatonal muy penoso (barreras). El camino es completamente inaccesible. 	http://argitalpen.ararteko.net/ac_v/PDF/72_bakiola.pdf	
Arrankudiaga		Consultrans	0201ARRA	estacion-tren	Barrio Iberlanda, 220	48499	Arrankudiaga	Línea C-3 de RENFE, entre Bilbao y Orduña. Presta servicios de Cercanías.			http://www.adif.es/								Inaccesible	Inaccesible	Inaccesible	Sin datos	Sin datos																		El itinerario peatonal es  inaccesible. El acceso se materializa a través de tramos de escaleras o por sendas de tierra impracticables.	http://argitalpen.ararteko.net/ac_v/PDF/73_arrankudiaga.pdf	
Arbide		Consultrans	0201ARBI	estacion-tren	Estación de Renfe, S/N	48498	Arrankudiaga	Línea C-3 de RENFE, entre Bilbao y Orduña. Presta servicios de Cercanías.			http://www.adif.es/								Inaccesible	Inaccesible	Inaccesible	Sin datos	Sin datos																		El entorno peatonal discurre junto a una calzada para  de pendiente pronunciada. En un extremo hay una rampa de pendiente pronunciada sin barandillas; en el otro, un tramo de escaleras.	http://argitalpen.ararteko.net/ac_v/PDF/74_arbide.pdf	
Arakaldo		Consultrans	0201ARAK	estacion-tren	Barrio Etxezuri, 2	48498	Arakaldo	Línea C-3 de RENFE, entre Bilbao y Orduña. Presta servicios de Cercanías.			http://www.adif.es/								Inaccesible	Inaccesible	Inaccesible	Sin datos	Sin datos																		Uno de los accesos se materializa a través de un tramo de escaleras sin acondicionar. El otro, a través de una rampa, de pendiente muy pronunciada y sin barandilla adecuada.	http://argitalpen.ararteko.net/ac_v/PDF/75_arakaldo.pdf	
Areta		Consultrans	0101ARET	estacion-tren	Camino Estación, 1	01400	Llodio	Línea C-3 de RENFE, entre Bilbao y Orduña. Presta servicios de Cercanías.			http://www.adif.es/								Inaccesible	Inaccesible	Inaccesible	Sin datos	Sin datos																		El entorno peatonal es accesible, aunque transcurre junto a la red viaria. 	http://argitalpen.ararteko.net/ac_v/PDF/76_areta.pdf	
Laudio/Llodio		Consultrans	0101LAUD	estacion-tren	C/ José Matia, 2	01400	Llodio	Línea C-3 de RENFE, entre Bilbao y Orduña. Presta servicios de Cercanías y Regionales.			http://www.adif.es/								Inaccesible	Inaccesible	Practicable	Sin datos	Sin datos																		El entorno cuenta con rebajes en los pasos peatonales pero el recorrido atraviesa una zona de tráfico de vehículos (inseguridad). Sólo se puede acceder mediante escaleras. Completamente inaccesible.	http://argitalpen.ararteko.net/ac_v/PDF/77_llodio.pdf	
Santa Cruz de Llodio		Consultrans	0101SCRU	estacion-tren	Camino Santa Cruz, S/N	01400	Llodio	Línea C-3 de RENFE, entre Bilbao y Orduña. Presta servicios de Cercanías.			http://www.adif.es/								Inaccesible	Inaccesible	Inaccesible	Sin datos	Sin datos																		El itinerario peatonal  atraviesa zona de naves industriales. Hay dos accesos, uno a nivel y el otro no. El acceso que no está a nivel solo tiene escaleras.	http://argitalpen.ararteko.net/ac_v/PDF/78_santacruzllodio.pdf	
Luiaondo		Consultrans	0101LUIA	estacion-tren	C/ Oloste, 4	01408	Ayala	Línea C-3 de RENFE, entre Bilbao y Orduña. Presta servicios de Cercanías.			http://www.adif.es/								Inaccesible	Inaccesible	Inaccesible	Sin datos	Sin datos																		Al apeadero se accede por un lateral desde la propia carretera (acceso inseguro). El pavimento está en mal estado.	http://argitalpen.ararteko.net/ac_v/PDF/79_luiondo.pdf	
Salbio		Consultrans	0101SALB	estacion-tren	Estación Renfe Salbio, S/N	01470	Amurrio	Línea C-3 de RENFE, entre Bilbao y Orduña. Presta servicios de Cercanías.			http://www.adif.es/								Inaccesible	Inaccesible	Inaccesible	Sin datos	Sin datos																		La entrada a la estación está en la carretera (peligroso). El acceso desde la carretera es un tramo largo de escaleras que bajan al andén.Existe otro acceso, a través de un camino de tierra en mal estado.	http://argitalpen.ararteko.net/ac_v/PDF/80_salbio.pdf	
Amurrio-Iparralde		Consultrans	0101IPAR	estacion-tren	C/ Juan de Aranoa, S/N	01470	Amurrio	Línea C-3 de RENFE, entre Bilbao y Orduña. Presta servicios de Cercanías.			http://www.adif.es/								Inaccesible	Accesible	Practicable	Sin datos	Sin datos																		Las aceras del entorno de la estación están rebajadas. Entorno peatonal adecuado. 	http://argitalpen.ararteko.net/ac_v/PDF/81_amurrio_iparralde.pdf	
Amurrio  		Consultrans	0101AMUR	estacion-tren	C/ Dionisio Aldama, 15	01470	Amurrio	Línea C-3 de RENFE, entre Bilbao y Orduña. Presta servicios de Cercanías.			http://www.adif.es/								Inaccesible	Inaccesible	Practicable	Sin datos	Sin datos																		El itinerario peatonal de acceso es practicable por un lateral, no por el centro cuya acera no está rebajada. 	http://argitalpen.ararteko.net/ac_v/PDF/82_amurrio.pdf	
Iñarratxu		Consultrans	0101IÑAR	estacion-tren	Polígono Aldaiturriaga, S/N	01470	Amurrio	Línea C-3 de RENFE, entre Bilbao y Orduña. Presta servicios de Cercanías.			http://www.adif.es/								Inaccesible	Inaccesible	Inaccesible	Sin datos	Sin datos																		El itineario peatonal es muy complicado. El entorno es industrial y nada funcional para peatones. Uno de los accesos se realiza a través de un gran tramo de escaleras; el otro, es un camino improvisado de tierra que cruza una antigua vía en desuso.  Total	http://argitalpen.ararteko.net/ac_v/PDF/83_inarratxu.pdf	
Orduña		Consultrans	0201ORDU	estacion-tren	C/ Estación, S/N	48460	Orduña	Línea C-3 de RENFE, entre Bilbao y Orduña. Presta servicios de Cercanías.			http://www.adif.es/								Inaccesible	Inaccesible	Inaccesible	Sin datos	Sin datos																		Entorno peatonal adecuado aunque se estrecha por la presencia de contenedores en el recorrido. 	http://argitalpen.ararteko.net/ac_v/PDF/84_orduna.pdf	
Deustu		Consultrans	0202DEUS	estacion-tren			Bilbao	Línea EuskoTren Txorierri de ETS (Bilbao-Sondika-Lezama). Presta servicios de Cercanías.			http://www.ets-rfv.euskadi.net/								Sin datos	Sin datos	Sin datos	Sin datos	Sin datos																		Supresión del servicio por obras en el corredor durante 3 años.	http://argitalpen.ararteko.net/ac_v/PDF/164_deustu_bilbao.pdf	
Unibersitatea		Consultrans	0202UNIB	estacion-tren			Bilbao	Línea EuskoTren Txorierri de ETS (Bilbao-Sondika-Lezama). Presta servicios de Cercanías.			http://www.ets-rfv.euskadi.net/								Sin datos	Sin datos	Sin datos	Sin datos	Sin datos																		Supresión del servicio por obras en el corredor durante 3 años.	http://argitalpen.ararteko.net/ac_v/PDF/165_unibersitatea.pdf	
Matiko		Consultrans	0202MATI	estacion-tren			Bilbao	Línea EuskoTren Txorierri de ETS (Bilbao-Sondika-Lezama). Presta servicios de Cercanías.			http://www.ets-rfv.euskadi.net/								Sin datos	Sin datos	Sin datos	Sin datos	Sin datos																		Supresión del servicio por obras en el corredor durante 3 años.	http://argitalpen.ararteko.net/ac_v/PDF/166_matiko.pdf	
Zumalakarregi		Consultrans	0202ZUMA	estacion-tren			Bilbao	Línea EuskoTren Txorierri de ETS (Bilbao-Sondika-Lezama). Presta servicios de Cercanías.			http://www.ets-rfv.euskadi.net/								Sin datos	Sin datos	Sin datos	Sin datos	Sin datos																		Supresión del servicio por obras en el corredor durante 3 años.	http://argitalpen.ararteko.net/ac_v/PDF/167_zumalakarregi.pdf	
Casco Viejo-Zazpi Kalea		Consultrans	0202ZAZP	estacion-tren	Plaza San Nicolás, bajo	48005	Bilbao	Línea EuskoTren Txorierri de ETS (Bilbao-Sondika-Lezama). Presta servicios de Cercanías.			http://www.ets-rfv.euskadi.net/								Practicable	Practicable	Practicable	Sin datos	Sin datos																		Acceso a nivel respecto de la calle y en buen estado. 	http://argitalpen.ararteko.net/ac_v/PDF/168_zazpi_kaleak.pdf	
Ola		Consultrans	0202OLA	estacion-tren	San Martín Bidea, 1	48150	Sondika	Línea EuskoTren Txorierri de ETS (Bilbao-Sondika-Lezama). Presta servicios de Cercanías.			http://www.ets-rfv.euskadi.net/								Inaccesible	Inaccesible	Practicable	Sin datos	Sin datos																		El acceso peatonal cuenta con un pavimento en mal estado y en pendiente. Dispone de rampa de acceso, de anchura adecuada, pero falta la barandilla en uno de los lados.	http://argitalpen.ararteko.net/ac_v/PDF/169_ola_sondika.pdf	
Sondika		Consultrans	0202SOND	estacion-tren	Mintxine Bidea, 4	48150	Sondika	Línea EuskoTren Txorierri de ETS (Bilbao-Sondika-Lezama). Presta servicios de Cercanías.			http://www.ets-rfv.euskadi.net/								Practicable	Practicable	Practicable	Sin datos	Sin datos																		Cuenta con dos accesos. El acceso principal está a nivel. El acceso desde el aparcamiento se realiza a través de un tramo de escaleras y una rampa de gran pendiente y longitud. Pavimento irregular.	http://argitalpen.ararteko.net/ac_v/PDF/170_sondika.pdf	
Larrondo		Consultrans	0202LARR	estacion-tren	C/ Elotxelerri, S/N	48150	Sondika	Línea EuskoTren Txorierri de ETS (Bilbao-Sondika-Lezama). Presta servicios de Cercanías.			http://www.ets-rfv.euskadi.net/								Inaccesible	Inaccesible	Inaccesible	Sin datos	Sin datos																		El entorno de la estación es industrial. El acceso se produce a través de una pronunciada pendiente. El acceso al andén se realiza a través de una rampa de pendiente pronunciada y pavimento en mal estado.	http://argitalpen.ararteko.net/ac_v/PDF/171_larrondo.pdf	
Elotxelerri		Consultrans	0202ELOT	estacion-tren	Camino de Molinaga	48180	Loiu	Línea EuskoTren Txorierri de ETS (Bilbao-Sondika-Lezama). Presta servicios de Cercanías.			http://www.ets-rfv.euskadi.net/								Inaccesible	Inaccesible	Practicable	Sin datos	Sin datos																		Se accede por una rampa estrecha y de pavimento irregular. No está debidamente adaptada.	http://argitalpen.ararteko.net/ac_v/PDF/172_elotxelerri.pdf	
Derio		Consultrans	0202DERI	estacion-tren	Barrio de Arteaga, 14	48160	Derio	Línea EuskoTren Txorierri de ETS (Bilbao-Sondika-Lezama). Presta servicios de Cercanías.			http://www.ets-rfv.euskadi.net/								Inaccesible	Inaccesible	Practicable	Sin datos	Sin datos																		El acceso a la estación se realiza a través de un paso subterráneo cuya rampa resulta poco funcional e incluso peligrosa para las PMR. 	http://argitalpen.ararteko.net/ac_v/PDF/173_derio.pdf	
Lekunbiz		Consultrans	0202LEKU	estacion-tren	Barrio de San Antolín, 27	48170	Zamudio	Línea EuskoTren Txorierri de ETS (Bilbao-Sondika-Lezama). Presta servicios de Cercanías.			http://www.ets-rfv.euskadi.net/								Inaccesible	Inaccesible	Inaccesible	Sin datos	Sin datos																		Se accede a través de un itinerario que discurre junto a una vía con gran tráfico de vehículos y que concluye en una rampa de pendiente pronunciada.  El acceso al andén se realiza a través de una rampa estrecha y con pavimento irregular, aunque puede resultar practicable.	http://argitalpen.ararteko.net/ac_v/PDF/174_lekunbiz.pdf	
Zamudio		Consultrans	0202ZAMU	estacion-tren	Mikel Zarate Plaza	48170	Zamudio	Línea EuskoTren Txorierri de ETS (Bilbao-Sondika-Lezama). Presta servicios de Cercanías.			http://www.ets-rfv.euskadi.net/								Practicable	Practicable	Practicable	Sin datos	Sin datos																		Desde un extremo del municipio, el itinerario peatonal transcurre por aceras estrechas junto a una vía de gran tráfico, que concluye en una rampa no adaptada aunque pueda resultar practicable. El acceso desde el otro extremo obliga a cruzar el paso a nivel. El acceso a la estación desde la plaza del municipio es diáfano.	http://argitalpen.ararteko.net/ac_v/PDF/175_zamudio.pdf	
La Cruz-Kurtzea		Consultrans	0202KURT	estacion-tren	Barrio de Aretxalde, 156	48196	Lezama	Línea EuskoTren Txorierri de ETS (Bilbao-Sondika-Lezama). Presta servicios de Cercanías.			http://www.ets-rfv.euskadi.net/								Inaccesible	Inaccesible	Practicable	Sin datos	Sin datos																		El itinerario peatonal discurre próximo a la carretera a través de una acera estrecha.	http://argitalpen.ararteko.net/ac_v/PDF/176_kurtzea.pdf	
Lezama		Consultrans	0202LEZA	estacion-tren	Barrio de Aretxalde, 78-84	48196	Lezama	Línea EuskoTren Txorierri de ETS (Bilbao-Sondika-Lezama). Presta servicios de Cercanías.			http://www.ets-rfv.euskadi.net/								Practicable	Practicable	Practicable	Sin datos	Sin datos																		La estación se encuentra en una loma alta a la que se accede a través de un recorrido peatonal en pendiente, que puede obligar a la asistencia de terceros. El recorrido desde la calle hasta el vestíbulo de la estación se realiza por una rampa no adaptada pero practicable.	http://argitalpen.ararteko.net/ac_v/PDF/177_lezama.pdf	
Bermeo		Consultrans	0202BERM	estacion-tren	C/ Santamañe, S/N bajo	48370	Bermeo	Línea EuskoTren Urdaibai de ETS (Bermeo-Bilbao Atxuri). Presta servicios de Cercanías.			http://www.ets-rfv.euskadi.net/								Practicable	Practicable	Practicable	Sin datos	Sin datos																		Estación deprimida. Hay un ascensor a nivel de calle para bajar al vestíbulo.	http://argitalpen.ararteko.net/ac_v/PDF/178_bermeo.pdf	
Mundaka		Consultrans	0202MUND	estacion-tren	C/ Geltoki, 1 bajo	48360	Mundaka	Línea EuskoTren Urdaibai de ETS (Bermeo-Bilbao Atxuri). Presta servicios de Cercanías.			http://www.ets-rfv.euskadi.net/								Practicable	Practicable	Practicable	Sin datos	Sin datos																		Aparcamiento contiguo sin reserva para PMR. Acera no rebajada en paso de cebra. Zona de estacionamiento de vehículos. 	http://argitalpen.ararteko.net/ac_v/PDF/179_mundaka.pdf	
Busturia Itsasbegi		Consultrans	0202ITXA	estacion-tren	Barrio de Axpe, 138-141	48350	Busturia	Línea EuskoTren Urdaibai de ETS (Bermeo-Bilbao Atxuri). Presta servicios de Cercanías.			http://www.ets-rfv.euskadi.net/								Inaccesible	Inaccesible	Inaccesible	Sin datos	Sin datos																		Uno de los accesos se materializa a nivel a través de un camino peatonal muy estrecho. El otro, a través de una pequeña rampa practicable. 	http://argitalpen.ararteko.net/ac_v/PDF/180_itxaspegui.pdf	
Busturia-Axpe		Consultrans	0202BUST	estacion-tren	Barrio de Axpe, 35	48350	Busturia	Línea EuskoTren Urdaibai de ETS (Bermeo-Bilbao Atxuri). Presta servicios de Cercanías.			http://www.ets-rfv.euskadi.net/								Practicable	Inaccesible	Practicable	Sin datos	Sin datos																		El recorrido peatonal de acceso se materializa a través de una acera estrecha junto a una calzada para el tráfico rodado. Dispone de rampa con anchura suficiente y pendiente adecuada.	http://argitalpen.ararteko.net/ac_v/PDF/181_busturia_axpe.pdf	
Busturia-San Kristobal		Consultrans	0202SKRI	estacion-tren	Barrio de Altamira, 9	48350	Busturia	Línea EuskoTren Urdaibai de ETS (Bermeo-Bilbao Atxuri). Presta servicios de Cercanías.			http://www.ets-rfv.euskadi.net/								Inaccesible	Inaccesible	Practicable	Sin datos	Sin datos																		Existe aparcamiento contiguo a la estación. Hay una rampa de acceso no adaptada, pero que puede resultar practicable.	http://argitalpen.ararteko.net/ac_v/PDF/182_san_cristobal.pdf	
Forua		Consultrans	0202FORU	estacion-tren	Barrio Elejalde, S/N	48393	Forua	Línea EuskoTren Urdaibai de ETS (Bermeo-Bilbao Atxuri). Presta servicios de Cercanías.			http://www.ets-rfv.euskadi.net/								Inaccesible	Inaccesible	Practicable	Sin datos	Sin datos																		Se accede a la estación por una rampa de gran pendiente y nula funcionalidad.	http://argitalpen.ararteko.net/ac_v/PDF/183_forua.pdf	
Institutoa		Consultrans	0202INST	estacion-tren	C/ Carles Gongoiti, S/N	48300	Gernika-Lumo	Línea EuskoTren Urdaibai de ETS (Bermeo-Bilbao Atxuri). Presta servicios de Cercanías.			http://www.ets-rfv.euskadi.net/								Practicable	Practicable	Practicable	Sin datos	Sin datos																		Hay una rampa de acceso a la estación que puede resultar funcional.	http://argitalpen.ararteko.net/ac_v/PDF/184_instituto_gernika.pdf	
Gernika		Consultrans	0202GERN	estacion-tren	Plaza Estación, S/N bajo	48300	Gernika-Lumo	Línea EuskoTren Urdaibai de ETS (Bermeo-Bilbao Atxuri). Presta servicios de Cercanías.			http://www.ets-rfv.euskadi.net/								Practicable	Practicable	Practicable	Sin datos	Sin datos																		Hay un área de aparcamiento contigua a la estación con reserva de estacionamiento para PMR. Hay una pequeña rampa desde la calle construida como alternativa al escalón de la puerta de entrada. 	http://argitalpen.ararteko.net/ac_v/PDF/185_gernika.pdf	
Lurgorri		Consultrans	0202LURG	estacion-tren	C/ Iparraguirre, 48	48300	Gernika-Lumo	Línea EuskoTren Urdaibai de ETS (Bermeo-Bilbao Atxuri). Presta servicios de Cercanías.			http://www.ets-rfv.euskadi.net/								Inaccesible	Practicable	Practicable	Sin datos	Sin datos																		El recorrido peatonal se realiza por una acera que se estrecha por el estacionamiento de vehículos en batería. Paso peatonal sin rebaje. Existe una rampa de entrada, de gran pendiente, y sin barandilla de protección.	http://argitalpen.ararteko.net/ac_v/PDF/186_lurgorri.pdf	
Muxika		Consultrans	0202MUXI	estacion-tren	Barrio de la Astelarre, 93	48392	Muxika	Línea EuskoTren Urdaibai de ETS (Bermeo-Bilbao Atxuri). Presta servicios de Cercanías.			http://www.ets-rfv.euskadi.net/								Inaccesible	Inaccesible	Inaccesible	Sin datos	Sin datos																		El acceso peatonal se realiza a través de una acera que discurre junto a una zona de intenso tráfico rodado. Existe rampa de entrada, no acondicionada.	http://argitalpen.ararteko.net/ac_v/PDF/187_muxika.pdf	
Zugastieta		Consultrans	0202ZUGA	estacion-tren	Barrio de Zugastieta, 25	48392	Muxika	Línea EuskoTren Urdaibai de ETS (Bermeo-Bilbao Atxuri). Presta servicios de Cercanías.			http://www.ets-rfv.euskadi.net/								Inaccesible	Inaccesible	Inaccesible	Sin datos	Sin datos																		Apeadero en zona de intenso tráfico. No hay acera acondicionada ni protegida para poder acceder. Existe una rampa de entrada, de gran pendiente, y sin barandilla.	http://argitalpen.ararteko.net/ac_v/PDF/188_zugastieta.pdf	
Amorebieta Geralekua		Consultrans	0202AMOG	estacion-tren	C/ Txiki Otaegi, 5	48340	Amorebieta	Línea EuskoTren Urdaibai de ETS (Bermeo-Bilbao Atxuri). Presta servicios de Cercanías.			http://www.ets-rfv.euskadi.net/								Inaccesible	Inaccesible	Inaccesible	Sin datos	Sin datos																		El recorrido peatonal se estrecha en el camino hacia el andén. Obligación de cruzar el paso a nivel.	http://argitalpen.ararteko.net/ac_v/PDF/189_amorebieta.pdf	
Lemoa		Consultrans	0202LEMO	estacion-tren	C/ de la Estación, 10	48330	Lemoa	Línea EuskoTren Urdaibai de ETS (Bermeo-Bilbao Atxuri). Presta servicios de Cercanías y Regionales.			http://www.ets-rfv.euskadi.net/								Practicable	Accesible	Accesible	Sin datos	Sin datos																		Itinerario exterior adaptado. 	http://argitalpen.ararteko.net/ac_v/PDF/121_lemoa.pdf	
Bedia		Consultrans	0202BEDI	estacion-tren	Barrio de Barroeta, S/N	48390	Bedia	Línea EuskoTren Urdaibai de ETS (Bermeo-Bilbao Atxuri). Presta servicios de Cercanías y Regionales.			http://www.ets-rfv.euskadi.net/								Inaccesible	Inaccesible	Inaccesible	Sin datos	Sin datos																		Se accede por un camino peatonal en mal estado.	http://argitalpen.ararteko.net/ac_v/PDF/120_bedia.pdf	
Usansolo		Consultrans	0202USAN	estacion-tren	C/ Oletxe, 48	48960	Galdakao	Línea EuskoTren Urdaibai de ETS (Bermeo-Bilbao Atxuri). Presta servicios de Cercanías y Regionales.			http://www.ets-rfv.euskadi.net/								Inaccesible	Inaccesible	Inaccesible	Sin datos	Sin datos																		Estación con acceso diáfano desde el exterior.	http://argitalpen.ararteko.net/ac_v/PDF/119_usansolo.pdf	
Zuhatzu		Consultrans	0202ZUHA	estacion-tren	C/ Txomin Egileor, 48	48960	Galdakao	Línea EuskoTren Urdaibai de ETS (Bermeo-Bilbao Atxuri). Presta servicios de Cercanías y Regionales.			http://www.ets-rfv.euskadi.net/								Inaccesible	Inaccesible	Inaccesible	Sin datos	Sin datos																		La rampa de acceso es estrecha, no está debidamente acondicionada. 	http://argitalpen.ararteko.net/ac_v/PDF/118_zuhatzu.pdf	
Ariz		Consultrans	0202ARIZ	estacion-tren	Avenida Cervantes, 8 bajo	48960	Basauri	Línea EuskoTren Urdaibai de ETS (Bermeo-Bilbao Atxuri). Presta servicios de Cercanías y Regionales.			http://www.ets-rfv.euskadi.net/								Inaccesible	Inaccesible	Practicable	Sin datos	Sin datos																		El acceso se realiza mediante rampas de gran pendiente y sin barandilla.	http://argitalpen.ararteko.net/ac_v/PDF/117_ariz_basauri.pdf	
Etxebarri		Consultrans	0202ETXE	estacion-tren	C/ Santa Ana, 10	48450	Etxebarri	Línea EuskoTren Urdaibai de ETS (Bermeo-Bilbao Atxuri). Presta servicios de Cercanías y Regionales.			http://www.ets-rfv.euskadi.net/								Practicable	Practicable	Practicable	Sin datos	Sin datos																		Se  acceder desde una explanada amplia y con ligera pendiente.	http://argitalpen.ararteko.net/ac_v/PDF/116_etxebarri.pdf	
Bolueta		Consultrans	0202BOLU	estacion-tren	C/ Tellerille, 2	48004	Bilbao	Línea EuskoTren Urdaibai de ETS (Bermeo-Bilbao Atxuri). Presta servicios de Cercanías y Regionales.			http://www.ets-rfv.euskadi.net/								Practicable	Practicable	Practicable	Sin datos	Sin datos																		Tiene dos accesos, ambos a través de pendientes pronunciadas.	http://argitalpen.ararteko.net/ac_v/PDF/115_bolueta.pdf	
Atxuri		Consultrans	0202ATXU	estacion-tren	C/ Atxuri, 6-8	48006	Bilbao	Línea EuskoTren Urdaibai de ETS (Bermeo-Bilbao Atxuri). Presta servicios de Cercanías y Regionales.			http://www.ets-rfv.euskadi.net/								Practicable	Practicable	Accesible	Sin datos	Sin datos																		Itinerario exterior adaptado.	http://argitalpen.ararteko.net/ac_v/PDF/114_atxuri_bilbao.pdf	
Bilbao Concordia		Consultrans	0203BILB	estacion-tren	C/ Bailén, 2	48003	Bilbao	Línea de FEVE entre Bilbao y Balmaseda. Presta servicios de Cercanías y Regionales.			http://www.feve.es/								Practicable	Practicable	Practicable	Sin datos	Sin datos																		El acceso desde la zona de la ría tiene escaleras. El otro se materializa a nivel a través de un espacio diáfano.	http://argitalpen.ararteko.net/ac_v/PDF/89_bilbao_laconcordia.pdf	
Ametzola		Consultrans	0203AMET	estacion-tren	C/ Gordoniz, 49	48002	Bilbao	Línea de FEVE entre Bilbao y Balmaseda. Presta servicios de Cercanías y Regionales.			http://www.feve.es/								Inaccesible	Practicable	Practicable	Sin datos	Sin datos																		Acceso diáfano desde la calle.	http://argitalpen.ararteko.net/ac_v/PDF/90_ametzola.pdf	
Basurto		Consultrans	0203BASU	estacion-tren	Avda. de Montevideo,18	48002	Bilbao	Línea de FEVE entre Bilbao y Balmaseda. Presta servicios de Cercanías y Regionales.			http://www.feve.es/								Practicable	Practicable	Practicable	Sin datos	Sin datos																		El entorno se encuentra en obras, por lo que el itinerario peatonal se complica en algunos tramos. Situación provisional.	http://argitalpen.ararteko.net/ac_v/PDF/91_basurto.pdf	
Zorrotza		Consultrans	0203ZORR	estacion-tren	Carretera Zorrotza-Kastrexana, 40	48013	Bilbao	Línea de FEVE entre Bilbao y Balmaseda. Presta servicios de Cercanías y Regionales.			http://www.feve.es/								Inaccesible	Inaccesible	Inaccesible	Sin datos	Sin datos																		El recorrido peatonal es muy complicado. El acceso al apeadero obliga a cruzar un paso a nivel peligroso en una zona de intenso tráfico de vehículos. Rampa no acondicionada y poco funcional para la maniobrabilidad del usuario.	http://argitalpen.ararteko.net/ac_v/PDF/92_zorrotza.pdf	
Santa Agueda		Consultrans	0203SANT	estacion-tren	Estrada de Ezkerribai	48013	Bilbao	Línea de FEVE entre Bilbao y Balmaseda. Presta servicios de Cercanías.			http://www.feve.es/								Inaccesible	Inaccesible	Inaccesible	Sin datos	Sin datos																		Se ubica en una zona industrial con intenso tráfico de vehículos. El acceso peatonal está muy penalizado. Hay una rampa no adaptada y poco funcional.	http://argitalpen.ararteko.net/ac_v/PDF/93_santaagueda.pdf	
Kastrexana		Consultrans	0203KAST	estacion-tren	Carretera Kastrexana	48013	Bilbao	Línea de FEVE entre Bilbao y Balmaseda. Presta servicios de Cercanías.			http://www.feve.es/								Inaccesible	Inaccesible	Inaccesible	Sin datos	Sin datos																		Se ubica en una zona industrial con intenso tráfico de vehículos. El acceso peatonal está muy penalizado. Se accede a través de un tramo de escaleras no acondicionado. Peligroso.	http://argitalpen.ararteko.net/ac_v/PDF/94_kastrexana.pdf	
Irauregi Alonsotegi		Consultrans	0203IRAU	estacion-tren	San Antolín Plaza	48810	Alonsotegi	Línea de FEVE entre Bilbao y Balmaseda. Presta servicios de Cercanías y Regionales.			http://www.feve.es/								Inaccesible	Inaccesible	Inaccesible	Sin datos	Sin datos																		Hay un tramo de escaleras y una rampa alternativa que no resulta funcional (demasiada pendiente y sin protección lateral ni pasamanos). 	http://argitalpen.ararteko.net/ac_v/PDF/95_irauregui.pdf	
Zaramillo		Consultrans	0203ZARA	estacion-tren	Camino de Geltoki, 1	48820	Güeñes	Línea de FEVE entre Bilbao y Balmaseda. Presta servicios de Cercanías y Regionales.			http://www.feve.es/								Inaccesible	Inaccesible	Inaccesible	Sin datos	Sin datos																		El itinerario peatonal discurre junto a la calzada por medio de una acera estrecha.	http://argitalpen.ararteko.net/ac_v/PDF/96_zaramillo.pdf	
La Quadra		Consultrans	0203QUAD	estacion-tren	C/ Lacabex Lexarreta	48820	Güeñes	Línea de FEVE entre Bilbao y Balmaseda. Presta servicios de Cercanías.			http://www.feve.es/								Inaccesible	Inaccesible	Practicable	Sin datos	Sin datos																		Zona de gran tráfico de vehículos. El itinerario peatonal discurre por una acera estrecha no protegida. Acceso inseguro. El tramo de escaleras y la rampa no están acondicionados. Escasa maniobrabilidad debido a la estrechez de la acera.	http://argitalpen.ararteko.net/ac_v/PDF/97_laquadra.pdf	
Sodupe		Consultrans	0203SODU	estacion-tren	C/ Urrestieta	48830	Güeñes	Línea de FEVE entre Bilbao y Balmaseda. Presta servicios de Cercanías y Regionales.			http://www.feve.es/								Inaccesible	Inaccesible	Practicable	Sin datos	Sin datos																		El entorno peatonal discurre paralelo a una calzada de intenso tráfico. Inseguro. Hay una pequeña rampa para acceder desde la calle al vestíbulo. No está acondicionada pero resulta funcional.	http://argitalpen.ararteko.net/ac_v/PDF/98_sodupe.pdf	
Artxube		Consultrans	0203ARTX	estacion-tren	C/ Artxube	48840	Güeñes	Línea de FEVE entre Bilbao y Balmaseda. Presta servicios de Cercanías.			http://www.feve.es/								Inaccesible	Inaccesible	Practicable	Sin datos	Sin datos																		Zona de gran tráfico de vehículos. El itienerario peatonal discurre por una acera estrecha no protegida. Acceso inseguro. Hay rampas no acondicionadas de fuerte pendiente.	http://argitalpen.ararteko.net/ac_v/PDF/99_artxube.pdf	
Lámbarri		Consultrans	0203LAMB	estacion-tren	C/ Lambarri	48840	Güeñes	Línea de FEVE entre Bilbao y Balmaseda. Presta servicios de Cercanías.			http://www.feve.es/								Inaccesible	Inaccesible	Practicable	Sin datos	Sin datos																		El itinerario peatonal discurre por una calzada sin acera y en una zona de gran tráfico de vehículos. Hay rampas no acondicionadas de fuerte pendiente.	http://argitalpen.ararteko.net/ac_v/PDF/100_lambarri.pdf	
Güeñes		Consultrans	0203GÜEÑ	estacion-tren	C/ Ondazarros	48840	Güeñes	Línea de FEVE entre Bilbao y Balmaseda. Presta servicios de Cercanías.			http://www.feve.es/								Practicable	Practicable	Practicable	Sin datos	Sin datos																		La rampa de acceso, aunque no está acondicionada, resulta bastante funcional. La puerta de acceso debe tener las dos hojas abiertas para garantizar el acceso al usuario PMR.	http://argitalpen.ararteko.net/ac_v/PDF/101_guenes.pdf	
Aranguren Estación		Consultrans	0203ARAN	estacion-tren	Barrio de Aranguren s/n	48860	Zalla	Línea de FEVE entre Bilbao y Balmaseda. Presta servicios de Cercanías y Regionales.			http://www.feve.es/								Inaccesible	Inaccesible	Practicable	Sin datos	Sin datos																		Estación ubicada en un entorno industrial. El acceso peatonal está penalizado ya que se accede por la trasera de La Papelera en un recorrido que cabría realizarlo en coche.	http://argitalpen.ararteko.net/ac_v/PDF/102_araguren.pdf	
Aranguren Apeadero		Consultrans	0203ARAP	estacion-tren	Trenbide Etorbidea	48860	Zalla	Línea de FEVE entre Bilbao y Balmaseda. Presta servicios de Cercanías y Regionales.			http://www.feve.es/								Practicable	Practicable	Practicable	Sin datos	Sin datos																		El itinerario peatonal obliga a atravesar un paso a nivel sin acera de protección. Inseguro. Se accede a través de rampa de pendiente pronunciada, pero que puede resultar practicable.	http://argitalpen.ararteko.net/ac_v/PDF/103_apeadero_aranguren.pdf	
Zalla		Consultrans	0203ZALL	estacion-tren	Trenbide Etorbidea	48860	Zalla	Línea de FEVE entre Bilbao y Balmaseda. Presta servicios de Cercanías y Regionales.			http://www.feve.es/								Practicable	Practicable	Practicable	Sin datos	Sin datos																		El acceso principal está a nivel. El acceso secundario se realiza a través de una rampa acondicionada. 	http://argitalpen.ararteko.net/ac_v/PDF/104_zalla.pdf	
Colegio		Consultrans	0203COLE	estacion-tren	Lehendakari Agirre Etorbidea	48860	Zalla	Línea de FEVE entre Bilbao y Balmaseda. Presta servicios de Cercanías.			http://www.feve.es/								Practicable	Inaccesible	Practicable	Sin datos	Sin datos																		Se accede a través de una rampa que resulta practicable.	http://argitalpen.ararteko.net/ac_v/PDF/105_apeadero_colegio.pdf	
Ibarra		Consultrans	0203IBAR	estacion-tren	Ibarra Auzoa	48860	Zalla	Línea de FEVE entre Bilbao y Balmaseda. Presta servicios de Cercanías.			http://www.feve.es/								Inaccesible	Inaccesible	Practicable	Sin datos	Sin datos																		El entorno peatonal se sitúa en una zona de intenso tráfico, con un recorrido peligroso que atraviesa un paso a nivel. Se accede a través de una rampa practicable, pero con un pequeño resalte en el acceso.	http://argitalpen.ararteko.net/ac_v/PDF/106_apeadero_ibarra.pdf	
La Herrera		Consultrans	0203HERR	estacion-tren	Barrio de Basualdo	48869	Zalla	Línea de FEVE entre Bilbao y Balmaseda. Presta servicios de Cercanías.			http://www.feve.es/								Inaccesible	Inaccesible	Inaccesible	Sin datos	Sin datos																		El entorno peatonal se integra en una zona de tráfico intenso, sin acera y con recorrido peligroso. Se accede a través de una rampa muy pronunciada, completamente impracticable.	http://argitalpen.ararteko.net/ac_v/PDF/107_apeadero_laherrera.pdf	
Balmaseda		Consultrans	0203BALM	estacion-tren	C/ Estación	48800	Balmaseda	Línea de FEVE entre Bilbao y Balmaseda. Presta servicios de Cercanías y Regionales.			http://www.feve.es/								Inaccesible	Practicable	Practicable	Sin datos	Sin datos																		El itinerario peatonal de acceso discurre junto a una carretera de intenso tráfico, donde las aceras no están rebajadas, y no garantizan un recorrido continuo. Otro de los accesos exige atravesar un paso a nivel. 	http://argitalpen.ararteko.net/ac_v/PDF/108_labalsameda.pdf	
La Calzada		Consultrans	0203CALZ	estacion-tren	C/ Calzada	48800	Balmaseda	Línea de FEVE entre Bilbao y Balmaseda. Presta servicios de Cercanías.			http://www.feve.es/								Practicable	Practicable	Practicable	Sin datos	Sin datos																		El entorno se encuentra en obras, lo que condiciona el tránsito peatonal exterior. Situación provisional. 	http://argitalpen.ararteko.net/ac_v/PDF/109_lacalzada.pdf	
Traslaviña		Consultrans	0203TRAS	estacion-tren	Barrio Travesedo	48879	Artzentales	Línea de FEVE entre Bilbao y Santander. Presta servicios Regionales.			http://www.feve.es/								Inaccesible	Inaccesible	Practicable	Sin datos	Sin datos																		Se accede por una senda que exige el desplazamiento en coche. Itinerario peatonal impracticable. El acceso al andén se efectúa por una entrada alternativa al edificio.	http://argitalpen.ararteko.net/ac_v/PDF/110_traslavina.pdf	
Arcentales		Consultrans	0203ARCE	estacion-tren	Arcentales	48879	Artzentales	Línea de FEVE entre Bilbao y Santander. Presta servicios Regionales.			http://www.feve.es/								Inaccesible	Inaccesible	Practicable	Sin datos	Sin datos																		Se accede por una senda impracticable para peatones. Acceso en coche. El acceso al andén se realiza a través de una rampa funcional.	http://argitalpen.ararteko.net/ac_v/PDF/111_artzentales.pdf	
Villaverde de Trucíos		Consultrans	0503TRUC	estacion-tren	Valle de Villaverde	39880	Villaverde de Trucíos	Línea de FEVE entre Bilbao y Santander. Presta servicios Regionales.			http://www.feve.es/								Inaccesible	Inaccesible	Practicable	Sin datos	Sin datos																		Se accede por una senda impracticable para peatones. Acceso en coche. Pavimento en mal estado y rampa de acceso no acondicionada.	http://argitalpen.ararteko.net/ac_v/PDF/112_villaverdetrucios.pdf	
Carranza		Consultrans	0203CARR	estacion-tren	Barrio de Ambasaguas	48890	Valle de Carranza	Línea de FEVE entre Bilbao y Santander. Presta servicios Regionales.			http://www.feve.es/								Inaccesible	Inaccesible	Practicable	Sin datos	Sin datos																		Se accede por un lateral de la estación a través de una rampa poco practicable. 	http://argitalpen.ararteko.net/ac_v/PDF/113_carranza.pdf	
Irún		Consultrans	0301IRUN	estacion-tren	C/ Estación, S/N	20301	Irún	Línea C-1 de RENFE, entre Irún y Brínkola. Presta servicios de Cercanías, Regionales e Internacionales.			http://www.adif.es/								Practicable	Accesible	Accesible	Sin datos	Sin datos																		El acceso desde la Plaza Txanaleta está a diferente cota (escaleras mecánicas). El acceso desde la C/Estación está a nivel.	http://argitalpen.ararteko.net/ac_v/PDF/01_irun.pdf	
Ventas de Irún		Consultrans	0301VENT	estacion-tren	C/ Andrearriaga Ibilbidea, S/N	20305	Irún	Línea C-1 de RENFE, entre Irún y Brínkola.  Presta servicios de Cercanías.			http://www.adif.es/								Inaccesible	Inaccesible	Practicable	Sin datos	Sin datos																		Existencia de una pronunciada pendiente para el acceso.	http://argitalpen.ararteko.net/ac_v/PDF/02_bentak.pdf	
Lezo-Renteria		Consultrans	0301LEZO	estacion-tren	Avenida Jaizkibel, 1	20100	Lezo	Línea C-1 de RENFE, entre Irún y Brínkola. Presta servicios de Cercanías y Regionales.			http://www.adif.es/								Inaccesible	Practicable	Practicable	Sin datos	Sin datos																		El acceso está a nivel respecto de la calle. 	http://argitalpen.ararteko.net/ac_v/PDF/03_lezo_ren.pdf	
Pasaia		Consultrans	0301PASA	estacion-tren	Avenida de Navarra, S/N	20110	Pasaia	Línea C-1 de RENFE, entre Irún y Brínkola. Presta servicios de Cercanías y Regionales.			http://www.adif.es/								Inaccesible	Inaccesible	Practicable	Sin datos	Sin datos																		Se ha habilitado una rampa que permite disponer de una alternativa respecto al tramo de escaleras.	http://argitalpen.ararteko.net/ac_v/PDF/04_pasaia.pdf	
Herrera		Consultrans	0301HERR	estacion-tren	Paseo de Herrera, 3	20017	San Sebastián	Línea C-1 de RENFE, entre Irún y Brínkola. Presta servicios de Cercanías.			http://www.adif.es/								Inaccesible	Inaccesible	Practicable	Sin datos	Sin datos																		Se accede vía escaleras. Calle con elevado tráfico y pendiente pronunciada.	http://argitalpen.ararteko.net/ac_v/PDF/05_herrera.pdf	
Intxaurrondo		Consultrans	0301 INTX	estacion-tren	Paseo de Zubiaurre	20017	San Sebastián	Línea C-1 de RENFE, entre Irún y Brínkola. Presta servicios de Cercanías.			http://www.adif.es/								Inaccesible	Accesible	Practicable	Sin datos	Sin datos																		Estación nueva	http://argitalpen.ararteko.net/ac_v/PDF/ADIF_Intxaurrondo.pdf	
Ategorrieta		Consultrans	0301ATEG	estacion-tren	C/ Ataritzar, 26	20013	San Sebastián	Línea C-1 de RENFE, entre Irún y Brínkola. Presta servicios de Cercanías.			http://www.adif.es/								Inaccesible	Inaccesible	Practicable	Sin datos	Sin datos																		Tramo de escaleras. Existe una rampa del todo inadecuada.	http://argitalpen.ararteko.net/ac_v/PDF/06_ategorrieta.pdf	
Gros		Consultrans	0301GROS	estacion-tren	C/ Misericordia, 7	20001	San Sebastián	Línea C-1 de RENFE, entre Irún y Brínkola. Presta servicios de Cercanías.			http://www.adif.es/								Inaccesible	Practicable	Practicable	Sin datos	Sin datos																		Itinerario exterior adaptado. Acceso a nivel.	http://argitalpen.ararteko.net/ac_v/PDF/07_gros.pdf	
Donostia-San Sebastián		Consultrans	0301DONO	estacion-tren	Paseo Francia, S/N	20012	San Sebastián	Línea C-1 de RENFE, entre Irún y Brínkola. Presta servicios de Cercanías, Regionales e Internacionales.			http://www.adif.es/								Practicable	Accesible	Accesible	Sin datos	Sin datos																		Itinerario exterior adaptado. Acceso a nivel.	http://argitalpen.ararteko.net/ac_v/PDF/08_san_seb.pdf	
Loiola		Consultrans	0301LOIO	estacion-tren	Camino Hípica, 3	20014	San Sebastián	Línea C-1 de RENFE, entre Irún y Brínkola. Presta servicios de Cercanías.			http://www.adif.es/								Inaccesible	Inaccesible	Practicable	Sin datos	Sin datos																		Se trata de un acceso exterior complicado, a través de una zona con gran densidad de tráfico en la que los itinerarios peatonales no garantizan la seguridad del individuo, ni la funcionalidad del desplazamiento.	http://argitalpen.ararteko.net/ac_v/PDF/09_loiola.pdf	
Martutene		Consultrans	0301MART	estacion-tren	Camino Hípica, 105	20014	San Sebastián	Línea C-1 de RENFE, entre Irún y Brínkola. Presta servicios de Cercanías.			http://www.adif.es/								Inaccesible	Inaccesible	Inaccesible	Sin datos	Sin datos																		Zona de elevado tráfico. Inseguridad. Se accede mediante escaleras. T	http://argitalpen.ararteko.net/ac_v/PDF/10_martutene.pdf	
Hernani		Consultrans	0301HERN	estacion-tren	C/ Florida Auzoa, 112	20120	Hernani	Línea C-1 de RENFE, entre Irún y Brínkola. Presta servicios de Cercanías.			http://www.adif.es/								Inaccesible	Inaccesible	Inaccesible	Sin datos	Sin datos																		Dispone de rampas de pendiente adecuada y anchura suficiente.	http://argitalpen.ararteko.net/ac_v/PDF/11_hernani.pdf	
Hernani Centro/Erdia		Consultrans	0301HCEN	estacion-tren	Carabel-txiki Baserria, 90	20120	Hernani	Línea C-1 de RENFE, entre Irún y Brínkola. Presta servicios de Cercanías.			http://www.adif.es/								Inaccesible	Inaccesible	Inaccesible	Sin datos	Sin datos																		Hay 2 accesos. Uno mediante escaleras (inaccesible) y otro vía itinerario peatonal accesible.	http://argitalpen.ararteko.net/ac_v/PDF/12_hernani_centro.pdf	
Urnieta		Consultrans	0301URNI	estacion-tren	C/ Estación, 5	20130	Urnieta	Línea C-1 de RENFE, entre Irún y Brínkola. Presta servicios de Cercanías.			http://www.adif.es/								Inaccesible 	Practicable	Practicable	Sin datos	Sin datos																		Hay 2 accesos. Uno mediante un camino de tierra y con pendiente elevada, y el otro más tendido pero desde la carretera. 	http://argitalpen.ararteko.net/ac_v/PDF/13_urnieta.pdf	
Andoain		Consultrans	0301ANDO	estacion-tren	Geltoki Auzoa, S/N	20140	Andoain	Línea C-1 de RENFE, entre Irún y Brínkola. Presta servicios de Cercanías.			http://www.adif.es/								Inaccesible	Inaccesible	Inaccesible	Sin datos	Sin datos																		Estación con 2 accesos. El acceso peatonal a nivel se produce a través de un recorrido deficiente. El otro acceso se produce vía rampa no adaptada.	http://argitalpen.ararteko.net/ac_v/PDF/14_andoain.pdf	
Andoain Centro/Erdia		Consultrans	0301ACEN	estacion-tren	Joakin Larreta Atzekaldea, S/N	20140	Andoain	Línea C-1 de RENFE, entre Irún y Brínkola. Presta servicios de Cercanías.			http://www.adif.es/								Inaccesible	Inaccesible	Inaccesible	Sin datos	Sin datos																		El acceso se materializa a través de rampas no adaptadas.	http://argitalpen.ararteko.net/ac_v/PDF/15_andoain_centro.pdf	
Billabona-Zizurkil		Consultrans	0301BILL	estacion-tren	Aurrera Enparantza, 5	20150	Zizurkil	Línea C-1 de RENFE, entre Irún y Brínkola. Presta servicios de Cercanías.			http://www.adif.es/								Inaccesible	Inaccesible	inaccesible	Sin datos	Sin datos																		Existen 2 accesos. Uno, vía itinerario adaptado. Otro, vía rampa de pendiente muy pronunciada tras una acera estrecha, y en zona de elevado tráfico.	http://argitalpen.ararteko.net/ac_v/PDF/16_billabona.pdf	
Anoeta		Consultrans	0301ANOE	estacion-tren	Apeadero Aldea, S/N	20270	Anoeta	Línea C-1 de RENFE, entre Irún y Brínkola. Presta servicios de Cercanías.			http://www.adif.es/								Inaccesible	Inaccesible	Inaccesible	Sin datos	Sin datos																		Hay 2 accesos. Uno, mediante escaleras, y el otro, por una calle de pendiente elevada.	http://argitalpen.ararteko.net/ac_v/PDF/17_anoeta.pdf	
Tolosa Centro/Erdia		Consultrans	0301TCEN	estacion-tren	C/ Pablo Gorosabel, S/N	20400	Tolosa	Línea C-1 de RENFE, entre Irún y Brínkola. Presta servicios de Cercanías.			http://www.adif.es/								Inaccesible	Inaccesible	Practicable	Sin datos	Sin datos																		Tramo de escaleras sin alternativa.	http://argitalpen.ararteko.net/ac_v/PDF/18_tolosa_centro.pdf	
Tolosa  		Consultrans	0301TOLO	estacion-tren	C/ Geltoki, 4	20400	Tolosa	Línea C-1 de RENFE, entre Irún y Brínkola. Presta servicios de Cercanías y Regionales.			http://www.adif.es/								Inaccesible	Practicable	Accesible	Sin datos	Sin datos																		Itinerario exterior acondicionado. Dispone de rampas de pendiente adecuada y anchura suficiente.	http://argitalpen.ararteko.net/ac_v/PDF/19_tolosa.pdf	
Alegia		Consultrans	0301ALEG	estacion-tren	Bideberrieta, S/N	20260	Alegia	Línea C-1 de RENFE, entre Irún y Brínkola. Presta servicios de Cercanías.			http://www.adif.es/								Inaccesible	Inaccesible	Inaccesible	Sin datos	Sin datos																		Rampa de acceso de gran pendiente.	http://argitalpen.ararteko.net/ac_v/PDF/20_alegia.pdf	
Ikaztegieta		Consultrans	0301IKAZ	estacion-tren	C/ San Lorentzo, S/N	20267	Ikaztegieta	Línea C-1 de RENFE, entre Irún y Brínkola. Presta servicios de Cercanías.			http://www.adif.es/								Inaccesible	Inaccesible	Inaccesible	Sin datos	Sin datos																		Itinerario de acceso resbaladizo, sin acera y en pendiente. Solo existe rampa en el andén sentido Donostia. 	http://argitalpen.ararteko.net/ac_v/PDF/21_ikasteguieta.pdf	
Legorreta		Consultrans	0301LEGO	estacion-tren	San Miguel Etxea, 10	20250	Legorreta	Línea C-1 de RENFE, entre Irún y Brínkola. Presta servicios de Cercanías.			http://www.adif.es/								Inaccesible	Inaccesible	Inaccesible	Sin datos	Sin datos																		Cuenta con 2 accesos: uno a nivel, aunque con pavimento deficiente, y el otro, a través de escaleras.	http://argitalpen.ararteko.net/ac_v/PDF/22_legorreta.pdf	
Itsasondo		Consultrans	0301ITSA	estacion-tren	Geltokiko Bidea, 3	20249	Itsasondo	Línea C-1 de RENFE, entre Irún y Brínkola. Presta servicios de Cercanías.			http://www.adif.es/								Inaccesible	Inaccesible	Inaccesible	Sin datos	Sin datos																		Acceso por tramo no acondicionado (sin acera). Itinerario con demasiada pendiente.	http://argitalpen.ararteko.net/ac_v/PDF/23_itxasondo.pdf	
Ordizia		Consultrans	0301ORDI	estacion-tren	C/ Ordizia, S/N	20240	Ordizia	Línea C-1 de RENFE, entre Irún y Brínkola. Presta servicios de Cercanías y Regionales.			http://www.adif.es/								Inaccesible	Inaccesible	Inaccesible	Sin datos	Sin datos																		El acceso al edificio cuenta con un obstáculo en forma de escalón. No hay rampa alternativa.	http://argitalpen.ararteko.net/ac_v/PDF/24_ordizia.pdf	
Beasain		Consultrans	0301BEAS	estacion-tren	Barrendain Enparantza, 1	20200	Beasain	Línea C-1 de RENFE, entre Irún y Brínkola. Presta servicios de Cercanías y Regionales.			http://www.adif.es/								Inaccesible	Practicable	Practicable	Sin datos	Sin datos																		Itinerario exterior acondicionado. 	http://argitalpen.ararteko.net/ac_v/PDF/25_beasain.pdf	
Ormaiztegi		Consultrans	0301ORMA	estacion-tren	Ormaiztegi Sakabanatua, 23	20216	Ormaiztegi	Línea C-1 de RENFE, entre Irún y Brínkola. Presta servicios de Cercanías.			http://www.adif.es/								Inaccesible	Inaccesible	Inaccesible	Sin datos	Sin datos																		Mucha pendiente desde el centro del pueblo.	http://argitalpen.ararteko.net/ac_v/PDF/26_ormaiztegui.pdf	 
Zumarraga		Consultrans	0301ZUMA	estacion-tren	C/ Secundino Esnaola, S/N	20700	Zumarraga	Línea C-1 de RENFE, entre Irún y Brínkola. Presta servicios de Cercanías y Regionales.			http://www.adif.es/								Inaccesible 	Practicable	Practicable	Sin datos	Sin datos																		Acceso deficiente al encontrarse la zona en obras para la construcción de la nueva intermodal. Situación provisional. 	http://argitalpen.ararteko.net/ac_v/PDF/27_zumarraga.pdf	
Legazpi		Consultrans	0301LEGA	estacion-tren	Geltoki Hiribidea, S/N	20230	Legazpi	Línea C-1 de RENFE, entre Irún y Brínkola. Presta servicios de Cercanías y Regionales.			http://www.adif.es/								Inaccesible	Inaccesible	Inaccesible	Sin datos	Sin datos																		Para acceder hay que ir por la carretera en el último tramo. Rampa con mucha pendiente y sin barandillas.	http://argitalpen.ararteko.net/ac_v/PDF/30_legazpi.pdf	
Brinkola		Consultrans	0301BRIN	estacion-tren	Brinkola Auzoa, S/N	20220	Legazpi	Línea C-1 de RENFE, entre Irún y Brínkola. Presta servicios de Cercanías.			http://www.adif.es/								Inaccesible	Inaccesible	Inaccesible	Sin datos	Sin datos																		Hay rampa para acceder al andén, pero al llegar al final de esta hay un escalón.	http://argitalpen.ararteko.net/ac_v/PDF/31_brinkola.pdf	
Amorebieta		Consultrans	0202AMOR	estacion-tren	C/ Sabino Arana, 42 bajo	48340	Amorebieta	Línea L1 de EuskoTren, entre Atxuri Bilbao y Amara-Donostia. Presta servicios Regionales.			http://www.ets-rfv.euskadi.net/								Practicable	Practicable	Practicable	Sin datos	Sin datos																		Existe una rampa de gran longitud y pendiente, que puede resultar practicable según condiciones. 	http://argitalpen.ararteko.net/ac_v/PDF/122_amorebieta.pdf	
Euba		Consultrans	0202EUBA	estacion-tren	Barrio de Euba, 20	48290	Amorebieta	Línea L1 de EuskoTren, entre Atxuri Bilbao y Amara-Donostia. Presta servicios Regionales.			http://www.ets-rfv.euskadi.net/								Practicable	Accesible	Accesible	Sin datos	Sin datos																		Itinerario adaptado. 	http://argitalpen.ararteko.net/ac_v/PDF/123_euba_amorebieta.pdf	
Durango		Consultrans	0202DURA	estacion-tren	C/ Geltoki, 2	48200	Durango	Línea L1 de EuskoTren, entre Atxuri Bilbao y Amara-Donostia. Presta servicios Regionales.			http://www.ets-rfv.euskadi.net/								Inaccesible	Inaccesible	Practicable	Sin datos	Sin datos																		Obras de soterramiento de la estación. Acceso complicado (situación provisional). Hay 2 accesos, uno a nivel y el otro mediante rampa. 	http://argitalpen.ararteko.net/ac_v/PDF/124_durango.pdf	
Fausto Landako		Consultrans	0202FAUS	estacion-tren	C/ Untzillatx, 13-15	48200	Durango	Línea L1 de EuskoTren, entre Atxuri Bilbao y Amara-Donostia. Presta servicios Regionales.			http://www.ets-rfv.euskadi.net/								Inaccesible	Inaccesible	Practicable	Sin datos	Sin datos																		Se accede al andén por medio de una rampa no acondicionada. El itinerario peatonal cuenta con pavimento en mal estado. La rampa carece de zona de descanso y de barandilla a doble altura en todo el recorrido.	http://argitalpen.ararteko.net/ac_v/PDF/125_fauste_durango.pdf	
Traña		Consultrans	0202TRAÑ	estacion-tren	C/ Trañaetxoste, S/N	48220	Abadiño	Línea L1 de EuskoTren, entre Atxuri Bilbao y Amara-Donostia. Presta servicios Regionales.			http://www.ets-rfv.euskadi.net/								Inaccesible	Inaccesible	Practicable	Sin datos	Sin datos																		Se accede por medio de una rampa no acondicionada, de pavimento deficiente. El entorno es industrial, con tráfico de vehículos pesados. La rampa carece de zona de descanso y de barandilla a doble altura en todo el recorrido.	http://argitalpen.ararteko.net/ac_v/PDF/126_trana_abadino.pdf	
Berriz		Consultrans	0202BERR	estacion-tren	Geltoki Kalea, 2 bajo	48240	Berriz	Línea L1 de EuskoTren, entre Atxuri Bilbao y Amara-Donostia. Presta servicios Regionales.			http://www.ets-rfv.euskadi.net/								Inaccesible	Inaccesible	Inaccesible	Sin datos	Sin datos																		El entorno de acceso a la estación es una zona de aparcamiento de vehículos, lo que dificulta el acceso de PMR. El pavimento se encuentra en estado deficiente. Dispone de rampa, pero no está adaptada.	http://argitalpen.ararteko.net/ac_v/PDF/127_berriz.pdf	
Zaldibar		Consultrans	0202ZALD	estacion-tren	Barrio de Okango, 31	48240	Berriz	Línea L1 de EuskoTren, entre Atxuri Bilbao y Amara-Donostia. Presta servicios Regionales.			http://www.ets-rfv.euskadi.net/								Practicable	Practicable	Practicable	Sin datos	Sin datos																		Hay una pequeña rampa de acceso, que resulta practicable. En el entorno inmediato se encuentra la carretera nacional que puede representar un peligro para la seguridad.	http://argitalpen.ararteko.net/ac_v/PDF/128_zaldibar.pdf	
Ermua		Consultrans	0202ERMU	estacion-tren	C/ Izelaieta, 21	48260	Ermua	Línea L1 de EuskoTren, entre Atxuri Bilbao y Amara-Donostia. Presta servicios Regionales.			http://www.ets-rfv.euskadi.net/								Inaccesible	Inaccesible	Practicable	Sin datos	Sin datos																		La estación tiene dos accesos. Uno, a través de rampa de longitud prolongada; y el otro, a través de ascensor en la calle. La rampa de acceso al edificio está obstaculizada por un árbol que reduce su anchura y la maniobrabilidad de una silla de ruedas. 	http://argitalpen.ararteko.net/ac_v/PDF/129_ermua.pdf	
Errotaberri		Consultrans	0202ERRO	estacion-tren	Avenida de Gipuzkoa	48260	Ermua	Línea L1 de EuskoTren, entre Atxuri Bilbao y Amara-Donostia. Presta servicios Regionales.			http://www.ets-rfv.euskadi.net/								Inaccesible	Inaccesible	Inaccesible	Sin datos	Sin datos																		Para acceder a la estación hay que subir primero por una rampa de gran pendiente y con pavimento en mal estado. Después hay que cruzar la vía por un paso a nivel, y por último, para llegar al andén, hay que subir un tramo de escaleras.	http://argitalpen.ararteko.net/ac_v/PDF/130_errotabarri.pdf	
San Lorentzo		Consultrans	0202LORE	estacion-tren	Avenida de Gipuzkoa	48260	Ermua	Línea L1 de EuskoTren, entre Atxuri Bilbao y Amara-Donostia. Presta servicios Regionales.			http://www.ets-rfv.euskadi.net/								Inaccesible	Inaccesible	Inaccesible	Sin datos	Sin datos																		Para acceder al andén hay que subir por una calle con pendiente muy pronunciada y pavimento en mal estado. Después hay que cruzar la vía por un paso a nivel.	http://argitalpen.ararteko.net/ac_v/PDF/131_sanlorentzo.pdf	
Unibertsitatea		Consultrans	0302UNIB	estacion-tren	C/ Torrekua	20600	Eibar	Línea L1 de EuskoTren, entre Atxuri Bilbao y Amara-Donostia. Presta servicios Regionales.			http://www.ets-rfv.euskadi.net/								Inaccesible	Inaccesible	Practicable	Sin datos	Sin datos																		El recorrido peatonal es reducido (acera estrecha) y se encuentra en una zona con gran tráfico de vehículos. La rampa de acceso está situada solo en uno de los andenes (no acondicionada). Al otro andén se accede por escaleras.	http://argitalpen.ararteko.net/ac_v/PDF/132_uni_eibar.pdf	
Amaña		Consultrans	0302AMAÑ	estacion-tren	C/ Torrekua	20601	Eibar	Línea L1 de EuskoTren, entre Atxuri Bilbao y Amara-Donostia. Presta servicios Regionales.			http://www.ets-rfv.euskadi.net/								Inaccesible	Inaccesible	Inaccesible	Sin datos	Sin datos																		La rampa tiene una pendiente pronunciada y no tiene barandilla a ambos lados. Las escaleras de acceso tampoco están debidamente acondicionadas.	http://argitalpen.ararteko.net/ac_v/PDF/133_amana_eibar.pdf	
Ardantza		Consultrans	0302ARDA	estacion-tren	Plaza Untzaga, S/N	20600	Eibar	Línea L1 de EuskoTren, entre Atxuri Bilbao y Amara-Donostia. Presta servicios Regionales.			http://www.ets-rfv.euskadi.net/								Practicable	Accesible	Accesible	Sin datos	Sin datos																		Nueva estación. Itinerario acondicionado. Acceso a nivel	http://argitalpen.ararteko.net/ac_v/PDF/ETS_Ardantza_Eibar.pdf	
Eibar		Consultrans	0302EIBA	estacion-tren	C/ Estación, 21 bajo	20600	Eibar	Línea L1 de EuskoTren, entre Atxuri Bilbao y Amara-Donostia. Presta servicios Regionales.			http://www.ets-rfv.euskadi.net/								Inaccesible	Practicable	Practicable	Sin datos	Sin datos																		El itinerario peatonal desde la calle resulta deficiente (acera estrecha). La rampa de acceso al edificio no tiene el ancho reglamentario y no cuenta con barandilla en todo el recorrido y a doble altura. 	http://argitalpen.ararteko.net/ac_v/PDF/134_eibar.pdf	
Azitain		Consultrans	0302AZIT	estacion-tren	C/ Barrena, 9-11	20600	Eibar	Línea L1 de EuskoTren, entre Atxuri Bilbao y Amara-Donostia. Presta servicios Regionales.			http://www.ets-rfv.euskadi.net/								Inaccesible	Inaccesible	Inaccesible	Sin datos	Sin datos																		El itinerario peatonal de acceso es muy complicado, con rampas y pasos estrechos. La única manera de acceder a la estación es mediante un tramo largo de escaleras. Tras esas escaleras hay que atravesar un paso a nivel deficiente e inseguro para llegar hasta el andén.	http://argitalpen.ararteko.net/ac_v/PDF/135_azitain.pdf	
Elgoibar		Consultrans	0302ELGO	estacion-tren	Trenbide Kalea, 14 bajo	20870	Elgoibar	Línea L1 de EuskoTren, entre Atxuri Bilbao y Amara-Donostia. Presta servicios Regionales.			http://www.ets-rfv.euskadi.net/								Practicable	Inaccesible	Practicable	Sin datos	Sin datos																		Dispone de rampas de acceso acondicionadas.	http://argitalpen.ararteko.net/ac_v/PDF/136_elgoibar.pdf	
Toletxegain		Consultrans	0302TOLE	estacion-tren	Avenida Pedro Muguruza, 6-8 	20870	Elgoibar	Línea L1 de EuskoTren, entre Atxuri Bilbao y Amara-Donostia. Presta servicios Regionales.			http://www.ets-rfv.euskadi.net/								Inaccesible	Inaccesible	Practicable	Sin datos	Sin datos																		El pavimento del recorrido de acceso se encuentra en condiciones deficientes.	http://argitalpen.ararteko.net/ac_v/PDF/137_toletxegain.pdf	
Altzola		Consultrans	0302ALTZ	estacion-tren	C/ Donosti, 8	20860	Elgoibar	Línea L1 de EuskoTren, entre Atxuri Bilbao y Amara-Donostia. Presta servicios Regionales.			http://www.ets-rfv.euskadi.net/								Inaccesible	Inaccesible	Inaccesible	Sin datos	Sin datos																		Hay que acceder por un gran tramo de escaleras.	http://argitalpen.ararteko.net/ac_v/PDF/138_altzola.pdf	
Mendaro		Consultrans	0302MEND	estacion-tren	C/ José María Linazasoro, 9-11	20850	Mendaro	Línea L1 de EuskoTren, entre Atxuri Bilbao y Amara-Donostia. Presta servicios Regionales.			http://www.ets-rfv.euskadi.net/								Practicable	Practicable	Practicable	Sin datos	Sin datos																		Itinerario exterior adaptado.	http://argitalpen.ararteko.net/ac_v/PDF/139_mendaro.pdf	
Deba		Consultrans	0302DEBA	estacion-tren	Plaza Arakistain, 6	20820	Deba	Línea L1 de EuskoTren, entre Atxuri Bilbao y Amara-Donostia. Presta servicios Regionales.			http://www.ets-rfv.euskadi.net/								Inaccesible	Inaccesible	Practicable	Sin datos	Sin datos																		Hay tramo de escaleras en el acceso principal del ediificio.Rampa alternativa es estrecha. 	http://argitalpen.ararteko.net/ac_v/PDF/140_deba.pdf	
Arroa		Consultrans	0302ARRO	estacion-tren	Barrio de San Isidro, 3	20749	Zestoa	Línea L1 de EuskoTren, entre Atxuri Bilbao y Amara-Donostia. Presta servicios Regionales.			http://www.ets-rfv.euskadi.net/								Inaccesible	Inaccesible	Inaccesible	Sin datos	Sin datos																		Se accede por la carretera. La acera es estrecha y sin rebaje.	http://argitalpen.ararteko.net/ac_v/PDF/141_arroa.pdf	
Zumaia		Consultrans	0302ZUMA	estacion-tren	C/ Estazioko, 1 bajo	20750	Zumaia	Línea L1 de EuskoTren, entre Atxuri Bilbao y Amara-Donostia. Presta servicios Regionales.			http://www.ets-rfv.euskadi.net/								Inaccesible	Practicable	Practicable	Sin datos	Sin datos																		Cuenta con dos accesos, ambos a nivel, aunque uno es subterráneo y obliga a acceder a través de un tramo de escaleras. Además, el itinerario subterráneo tiene un pavimento en mal estado.	http://argitalpen.ararteko.net/ac_v/PDF/142_zumaia.pdf	
Zarautz		Consultrans	0302ZARA	estacion-tren	C/ Lapurdi, 2 bajo	20800	Zarautz	Línea L1 de EuskoTren, entre Atxuri Bilbao y Amara-Donostia. Presta servicios Regionales.			http://www.ets-rfv.euskadi.net/								Inaccesible	Inaccesible	Practicable	Sin datos	Sin datos																		La rampa no está en el acceso principal. Se accede por un lateral de la estación.	http://argitalpen.ararteko.net/ac_v/PDF/143_zarautz.pdf	
San Pelaio		Consultrans	0302PELA	estacion-tren	C/ María Etxetxiki, 89-91	20800	Zarautz	Línea L1 de EuskoTren, entre Atxuri Bilbao y Amara-Donostia. Presta servicios Regionales.			http://www.ets-rfv.euskadi.net/								Inaccesible	Inaccesible	Practicable	Sin datos	Sin datos																		Las rampas de acceso al andén tienen mucha pendiente.	http://argitalpen.ararteko.net/ac_v/PDF/144_sanpelaio.pdf	
Aia-Orio		Consultrans	0302ORIO	estacion-tren	Olazkoegia auzoa, 64 bajo	20809	Aia-Orio	Línea L1 de EuskoTren, entre Atxuri Bilbao y Amara-Donostia. Presta servicios Regionales.			http://www.ets-rfv.euskadi.net/								Practicable	Accesible	Accesible	Sin datos	Sin datos																		Itinerario exterior acondionado con la apertura de la nueva estación	http://argitalpen.ararteko.net/ac_v/PDF/ETS_Aia-Orio.pdf	
Usurbil		Consultrans	0302USUR	estacion-tren	C/ Erribera, 25	20170	Usurbil	Línea L1 de EuskoTren, entre Atxuri Bilbao y Amara-Donostia. Presta servicios Regionales.			http://www.ets-rfv.euskadi.net/								Inaccesible	Inaccesible	Practicable	Sin datos	Sin datos																		Itinerario exterior adaptado. Para acceder al andén hay que hacerlo desde el exterior (sin entrar en el edificio), lo que obliga a un recorrido poco eficiente.	http://argitalpen.ararteko.net/ac_v/PDF/145_usurbil.pdf	
Errekalde		Consultrans	0302ERRE	estacion-tren	Autovía del Norte	20018	San Sebastián	Línea L1 de EuskoTren, entre Atxuri Bilbao y Amara-Donostia.  Presta servicios de Cercanías y Regionales.			http://www.ets-rfv.euskadi.net/								Inaccesible	Inaccesible	Inaccesible	Sin datos	Sin datos																		Situación provisional debido a las obras de desdoblamiento del trazado ferroviario. Tiene un acceso exterior muy complicado. 	http://argitalpen.ararteko.net/ac_v/PDF/147_errekalde.pdf	
Añorga		Consultrans	0302AÑOR	estacion-tren	Avenida de Añorga, 12	20018	San Sebastián	Línea L1 de EuskoTren, entre Atxuri Bilbao y Amara-Donostia. Presta servicios de Cercanías y Regionales.			http://www.ets-rfv.euskadi.net/								Sin datos	Sin datos	Sin datos	Sin datos	Sin datos																		Situación provisional debido a las obras de desdoblamiento del trazado ferroviario. Construcción de una nueva estación.	http://argitalpen.ararteko.net/ac_v/PDF/148_anorga.pdf	
Lugaritz-Donostia		Consultrans	0302LUGA	estacion-tren	Paseo de Lugaritz, S/N	20018	San Sebastián	Línea L1 de EuskoTren, entre Atxuri Bilbao y Amara-Donostia. Presta servicios de Cercanías y Regionales.			http://www.ets-rfv.euskadi.net/								Practicable	Accesible	Accesible	Sin datos	Sin datos																		Estación subterránea que cuenta con acceso desde varios puntos. En el recorrido hay tramos de escaleras y pendientes poco funcionales.  	http://argitalpen.ararteko.net/ac_v/PDF/149_lugaritz.pdf	
Amara		Consultrans	0302AMAR	estacion-tren	Plaza Easo, 9	20006	San Sebastián	Línea L1 de EuskoTren, entre Atxuri Bilbao y Amara-Donostia. Presta servicios de Cercanías y Regionales.			http://www.ets-rfv.euskadi.net/								Practicable	Accesible	Accesible	Sin datos	Sin datos																		El recorrido peatonal exterior está a nivel y libre de barreras. El acceso a la estación se realiza a través de rampas acondicionadas. 	http://argitalpen.ararteko.net/ac_v/PDF/150_donostia_amara.pdf	
Lasarte-Oria		Consultrans	0302LASA	estacion-tren	Avenida Donostia, 1 bajo	20160	Lasarte-Oria	Línea L2 de EuskoTren, entre Lasarte-Oria y Hendaia. Presta servicios de Cercanías.			http://www.ets-rfv.euskadi.net/								Practicable	Practicable	Practicable	Sin datos	Sin datos																		Dispone de rampa funcional, pero que carece de barandilla a doble altura y en todo el recorrido.	http://argitalpen.ararteko.net/ac_v/PDF/146_lasarte.pdf	
Anoeta-Donostia		Consultrans	0302ANOE	estacion-tren	Paseo de Anoeta, 32	20014	San Sebastián	Línea L2 de EuskoTren, entre Lasarte-Oria y Hendaia. Presta servicios de Cercanías.			http://www.ets-rfv.euskadi.net/								Practicable	Accesible	Accesible	Sin datos	Sin datos																		Itinerario exteiror adaptado. Acceso a nivel. 	http://argitalpen.ararteko.net/ac_v/PDF/151_anoeta.pdf	
Loiola		Consultrans	0302LOIO	estacion-tren	C/ Zeharbidea, 6	20014	San Sebastián	Línea L2 de EuskoTren, entre Lasarte-Oria y Hendaia. Presta servicios de Cercanías.			http://www.ets-rfv.euskadi.net/								Practicable	Practicable	Practicable	Sin datos	Sin datos																		Hay rampas, pero estrechas y con gran pendiente. 	http://argitalpen.ararteko.net/ac_v/PDF/152_loiola.pdf	
Herrera		Consultrans	0302HERR	estacion-tren	Avenida Jose Elosegi, 297	20017	San Sebastián	Línea L2 de EuskoTren, entre Lasarte-Oria y Hendaia. Presta servicios de Cercanías.			http://www.ets-rfv.euskadi.net/								Sin datos	Sin datos	Sin datos	Sin datos	Sin datos																		 Estación en obras. Edificio provisional.	http://argitalpen.ararteko.net/ac_v/PDF/153_herrera.pdf	
Pasaia		Consultrans	0302PASA	estacion-tren	C/ Zumalakarregi, 8	20110	Pasaia	Línea L2 de EuskoTren, entre Lasarte-Oria y Hendaia. Presta servicios de Cercanías.			http://www.ets-rfv.euskadi.net/								Inaccesible	Inaccesible	Practicable	Sin datos	Sin datos																		Acceso diáfano desde el exterior.	http://argitalpen.ararteko.net/ac_v/PDF/154_pasaia.pdf	
Galtzaraborda		Consultrans	0302GALT	estacion-tren	Avenida Galtzaraborda, S/N	20100	Errenteria	Línea L2 de EuskoTren, entre Lasarte-Oria y Hendaia. Presta servicios de Cercanías.			http://www.ets-rfv.euskadi.net/								Practicable	Practicable	Practicable	Sin datos	Sin datos																		Itinerario peatonal exterior adaptado.	http://argitalpen.ararteko.net/ac_v/PDF/155_galtzaraborda.pdf	
Errenteria		Consultrans	0302RENT	estacion-tren	Avenida Pablo Iglesias, 16	20100	Errenteria	Línea L2 de EuskoTren, entre Lasarte-Oria y Hendaia. Presta servicios de Cercanías.			http://www.ets-rfv.euskadi.net/								Inaccesible	Inaccesible	Practicable	Sin datos	Sin datos																		El itinerario peatonal de acceso se encuentra en pendiente, lo que dificulta el desplazamiento. Uno de los recorridos además exige cruzar un paso a nivel. Dispone de rampas de acceso al andén, pero no están acondicionadas. Pueden resultar practicables.	http://argitalpen.ararteko.net/ac_v/PDF/156_errenteria.pdf	
Fanderia		Consultrans	0302FAND	estacion-tren	Avenida Fanderia	20100	Errenteria	Línea L2 de EuskoTren, entre Lasarte-Oria y Hendaia. Presta servicios de Cercanías.			http://www.ets-rfv.euskadi.net/								Practicable	Accesible	Accesible	Sin datos	Sin datos																		Nueva estación. Itinerario exterior acondicionado. 	http://argitalpen.ararteko.net/ac_v/PDF/ETS_Fanderia.pdf	
Oiartzun		Consultrans	0302OIAR	estacion-tren	Barrio Arragua, S/N	20180	Oiartzun	Línea L2 de EuskoTren, entre Lasarte-Oria y Hendaia. Presta servicios de Cercanías.			http://www.ets-rfv.euskadi.net/								Practicable	Accesible	Accesible	Sin datos	Sin datos																		Nueva estación. Itinerario exterior acondicionado. 	http://argitalpen.ararteko.net/ac_v/PDF/157_oiartzun.pdf	
Gaintxurizketa		Consultrans	0302GAIN	estacion-tren	Carretera Madrid-Irún	20100	Lezo	Línea L2 de EuskoTren, entre Lasarte-Oria y Hendaia. Presta servicios de Cercanías.			http://www.ets-rfv.euskadi.net/								Inaccesible	Inaccesible	Inaccesible	Sin datos	Sin datos																		El acceso se realiza a través de una zona de gran tráfico (N-I) sin acera de protección. Rampas pronunciadas no acondicionadas.	http://argitalpen.ararteko.net/ac_v/PDF/158_gaintxurisketa.pdf	
Bentak		Consultrans	0302BENT	estacion-tren	Avenida Elizatxo	20305	Irún	Línea L2 de EuskoTren, entre Lasarte-Oria y Hendaia. Presta servicios de Cercanías.			http://www.ets-rfv.euskadi.net/								Inaccesible	Inaccesible	Practicable	Sin datos	Sin datos																		Se accede a través de una rampa de maniobrabilidad muy complicada. La rampa de acceso al vestíbulo, aún siendo más funcional, tampoco está acondicionada. 	http://argitalpen.ararteko.net/ac_v/PDF/159_bentak.pdf	
Belaskoenea		Consultrans	0302BELA	estacion-tren	C/ de los Balleneros	20303	Irún	Línea L2 de EuskoTren, entre Lasarte-Oria y Hendaia. Presta servicios de Cercanías.			http://www.ets-rfv.euskadi.net/								Inaccesible	Inaccesible	Practicable	Sin datos	Sin datos																		Itinerario peatonal exterior adaptado. La rampa de acceso a la estación no está acondicionada. 	http://argitalpen.ararteko.net/ac_v/PDF/160_belaskoenea.pdf	
Irún-Colón		Consultrans	0302IRUN	estacion-tren	Paseo de Colón, 25	20300	Irún	Línea L2 de EuskoTren, entre Lasarte-Oria y Hendaia. Presta servicios de Cercanías.			http://www.ets-rfv.euskadi.net/								Practicable	Practicable	Practicable	Sin datos	Sin datos																		El acceso peatonal al vestíbulo de la estación se materializa desde Ps. Colón y se realiza a nivel. También se puede acceder directamente al andén, a través de un recorrido peatonal muy complicado, con pasos a nivel deficientes, y estrechez de aceras...	http://argitalpen.ararteko.net/ac_v/PDF/161_irun.pdf	
Nazioarteko zubia		Consultrans	0302PUEN	estacion-tren	Avenida Iparralde	20304	Irún	Línea L2 de EuskoTren, entre Lasarte-Oria y Hendaia. Presta servicios de Cercanías.			http://www.ets-rfv.euskadi.net/								Practicable	Practicable	Practicable	Sin datos	Sin datos																		Dispone de rampa funcional para acceder al andén.	http://argitalpen.ararteko.net/ac_v/PDF/162_puente.pdf	
Hendaia		Consultrans	0402HEND	estacion-tren	Boulevard de Gaulle, S/N	64700	Hendaia	Línea L2 de EuskoTren, entre Lasarte-Oria y Hendaia. Presta servicios de Cercanías.			http://www.ets-rfv.euskadi.net/								Inaccesible	Inaccesible	Practicable	Sin datos	Sin datos																		Dispone de rampa de acceso adaptada. 	http://argitalpen.ararteko.net/ac_v/PDF/163_hendaia.pdf	
Estación de Autobuses de Donostia		Consultrans	0304BUSD	estacion-bus	Plaza de Pío, XII	20010	Donostia-San Sebastián	Estación de autobuses regulares de uso general. Presta servicios interurbanos, regionales e internacionales.											Practicable	Inaccesible	Inaccesible	Sin datos	Sin datos																		Itinerario adaptado.	http://argitalpen.ararteko.net/ac_v/PDF/191_estacion_donosti.pdf	
Estación de autobuses de Vitoria-Gasteiz		Consultrans	0104BUSV	estacion-bus	C/ Los Herrán, 50	01002	Vitoria-Gasteiz	Estación de autobuses de íneas regulares de uso general. Presta servicios interurbanos, de medio-largo recorrido.											Practicable	Practicable	Inaccesible	Sin datos	Sin datos																		Itinerario peatonal exterior accesible.	http://argitalpen.ararteko.net/ac_v/PDF/192_bus_gasteiz.pdf	
Termibús		Consultrans	0204BUSB	estacion-bus	C/ Gurtubay, 1	48013	Bilbao	Estación de autobuses de servicios regulares de uso general. Presta servicios de medio-largo recorrido de transporte por carretera.			http://www.termibus.es								Practicable	Practicable	Practicable	Sin datos	Sin datos																		Itinerario peatonal accesible.	http://argitalpen.ararteko.net/ac_v/PDF/190_termibus.pdf	
